Workbook
Name bas: #REF!
Name bas: #REF!
Name bas: #REF!
Name bas: #REF!
Name bas: #REF!
Name bas: #REF!
Name bas: #REF!
Name OLE_LINK1: 'İSG-F13-02'!#REF!

Sheet KAPAK
D22: ÖZEL ……………….. HASTANESİ
F49: HAZIRLAMA Tarihi EKLENECEK
A52: 1.AMAÇ Risklerin değerlendirilmesinde temel amaç, çalışanların, hasta ve yakınlarının, ziyaretçilerin, diğer kişilerin sağlığının korunması ve güvenliklerinin sağlanmasıdır. Risk değerlendirme, işle ilgili faaliyetlerden kaynaklanan ve etkilenecek kişilere ve çevreye olabilecek olası zararların en aza indirilmesine yardım eder. Bu kapsamda bu çalışmanın amacı .............................................. SAĞLIK HİZMETLERİ LTD. ŞTİ. Bünyesindeki ÖZEL ................................................................... HASTANESİ’ nde yapılan faaliyetlerin İş Sağlığı ve Güvenliği (İSG) açısından tehlikelerini ve riskleri tanımlamak, ortadan kaldırmak ve/veya azaltmak amacıyla gerekli tedbirleri belirlemektir. Risk değerlendirmesi sonucunda, işyerindeki gözlemlenen faaliyetlerindeki tehlikelerin neler olduğu ve kaza olma olasılığı ile olası kazaların boyutu/büyüklüğü hakkında bilgi sahibi olunacaktır.
A68: 2. YASAL DAYANAK Bu Risk değerlendirme raporu ; “6331 Sayılı İş Sağlığı Ve Güvenliği Kanunu” kapsamında 29.12.2012 tarih ve 28512 sayılı Rsmi Gazetede yayınlanmış olan ''İş Sağlığı Ve Güvenliği Risk Değerlendirmesi Yönetmeliği'' gereğince hazırlanmıştır.
A76: 3. İŞYERİ TANITIMI Hastane olarak hizmet vermekte olan Özel ...................................................................Hastanesi, ..................................................................... Ltd. Şti ' ye bağlı bir kuruluştur. Acil servis, Ambulans Hizmetleri, Poliklinikler, Yoğun Bakım Üniteleri, Ameliyathane ve Hasta servisleri ile bir çok konuda sağlık hizmeti vermektedir. Adres olarak .................................................................................................' de bulunmaktadır. İşveren Vekili ..........................................' dır.
A82: 4. GEÇERLİLİK TARİHİ Hastanemiz risk değerlendirmesi .............................. tarihi itibari ile yapılmış olup İş Sağlığı ve Güvenliği Risk Değerlendirmesi Yönetmeliğinin 12. Maddesinin 2. bendinde belirtilen durumlar olması durumunda yenilenir. Bu durumların olmaması durumunda da yine yönetmeliğin aynı maddesinin 1. bendine göre çok tehlikeli sınıfta olması sebebi ile ......................... yılına kadar geçerlidir.
A96: 5. RİSK DEĞERLENDİRME EKİBİ İş Sağlığı Ve Güvenliği Risk Değerlendirmesi Yönetmeliğinin 6. maddesine göre İşyerlerinde Risk Değerlendirmesi işverenin oluşturduğu bir ekip tarafından gerçekleştirilir. Bu kapsamda hastanemiz Risk Değerlendirme çalışmasında görevli kişiler de belirlenmiştir. Bunlar; ADI SOYADI GÖREVİ 6. KULLANILAN YÖNTEM VE UYGULAMA Risk değerlendirmesinde riskin büyüklüğünün hesaplanarak riskin kabul edilebilir olup olmadığına karar verilmelidir. Bunun belirlenmesi içinde kullanılan uluslararası risk değerlendirme metodları vardır. Bu çalışmada FİNE KİNNEY Risk değerlendirme metodu uygulanmıştır. Risk derecelendirme esasları aşağıdaki gibidir. RİSK PUANI: OLASILIK X FREKANS X ŞİDDET Risk Puanı, olasılık, frekans ve şiddet puanları çarpılarak bulunur. Hastanemiz risk değerlendirme çalışmalarında kullanılan yöntem ve uygulamaya ilişkin detaylar "İSG-P02 Tehlike Belirleme ve Risk Değerlendirme Prosedürü"nde anlatılmaktadır.

Sheet İSG-F13-02
A1: TEHLİKE BELİRLEME VE RİSK DEĞERLENDİRME TABLOSU (FINE KINNEY METODU) | AH1: OLASILIK | AI1: FREKANS | AJ1: ŞİDDET
A2: Değerlendirilen Bölüm | J2: Risk Değ. GüncellemeTarihi | P2: Geçerlilik Tarihi | AH2: 10 | AI2: 10 | AJ2: 100 | AP2: 0 | AQ2: 1 | AS2: Tehlikenin ortadan kaldırılması
A3: İşyeri Unvanı, Adresi | P3: Kullanılan Metod | Q3: Fine-Kinney Metodu | AH3: 6 | AI3: 6 | AJ3: 40 | AP3: 0.1 | AQ3: 2 | AS3: Mühendislik kontrolü
A4: No | B4: Tehlike Modülü | C4: Faaliyet | D4: Tehlike | E4: Tehlike Görseli | F4: Risk | G4: Sonuç/ Olası Etki Zarar | H4: Riskten Etkilenecek Kişiler | I4: Mevcut Durum (Tespit edilen riske ilişkin mevcut önlemler) | J4: MEVCUT | P4: İyileştirme Sorumlusu | Q4: Termin | R4: İYİLEŞTİRME | W4: İyileştirme Sonrası Görsel | X4: Sonuç | Y4: İlgili Mevzuat/Doküman | AH4: 3 | AI4: 3 | AJ4: 15 | AP4: 0.3 | AQ4: 3 | AS4: İdari Kontrol
J5: Olasılık | K5: Frekans | L5: Şiddet | M5: Risk Puanı | N5: Risk Seviyesi | O5: Alınacak Önlemler | R5: Olasılık | S5: Frekans | T5: Şiddet | U5: Risk Puanı | V5: Risk Seviyesi | AH5: 1 | AI5: 2 | AJ5: 7 | AP5: 0.5 | AQ5: 4 | AS5: KKD Kullanımı
A6: 1 | M6: =(L6*K6*J6) -> 0 | N6: =IF(AND(M6>=0,M6<20),"DÜŞÜK RİSK",IF(AND(M6>=20,M6<70),"OLASI RİSK",IF(AND(M6>=70,M6<200),"ÖNEMLİ RİSK",IF(AND(M6>=200,M6<400),"YÜKSEK RİSK",IF(M6>=400,"KABUL EDİLEMEZ RİSK",""))))) -> DÜŞÜK RİSK | U6: =(T6*S6*R6) -> 0 | V6: =IF(AND(U6>=0,U6<20),"DÜŞÜK RİSK",IF(AND(U6>=20,U6<70),"OLASI RİSK",IF(AND(U6>=70,U6<200),"ÖNEMLİ RİSK",IF(AND(U6>=200,U6<400),"YÜKSEK RİSK",IF(U6>=400,"KABUL EDİLEMEZ RİSK",""))))) -> DÜŞÜK RİSK | AH6: 0.5 | AI6: 1 | AJ6: 3 | AP6: 1 | AQ6: 5 | AS6: Hiçbir kontrol önlemi yok
A7: 8 | M7: =(L7*K7*J7) -> 0 | N7: =IF(AND(M7>=0,M7<20),"DÜŞÜK RİSK",IF(AND(M7>=20,M7<70),"OLASI RİSK",IF(AND(M7>=70,M7<200),"ÖNEMLİ RİSK",IF(AND(M7>=200,M7<400),"YÜKSEK RİSK",IF(M7>=400,"KABUL EDİLEMEZ RİSK",""))))) -> DÜŞÜK RİSK | U7: =(T7*S7*R7) -> 0 | V7: =IF(AND(U7>=0,U7<20),"DÜŞÜK RİSK",IF(AND(U7>=20,U7<70),"OLASI RİSK",IF(AND(U7>=70,U7<200),"ÖNEMLİ RİSK",IF(AND(U7>=200,U7<400),"YÜKSEK RİSK",IF(U7>=400,"KABUL EDİLEMEZ RİSK",""))))) -> DÜŞÜK RİSK
A8: 9 | M8: =(L8*K8*J8) -> 0 | N8: =IF(AND(M8>=0,M8<20),"DÜŞÜK RİSK",IF(AND(M8>=20,M8<70),"OLASI RİSK",IF(AND(M8>=70,M8<200),"ÖNEMLİ RİSK",IF(AND(M8>=200,M8<400),"YÜKSEK RİSK",IF(M8>=400,"KABUL EDİLEMEZ RİSK",""))))) -> DÜŞÜK RİSK | U8: =(T8*S8*R8) -> 0 | V8: =IF(AND(U8>=0,U8<20),"DÜŞÜK RİSK",IF(AND(U8>=20,U8<70),"OLASI RİSK",IF(AND(U8>=70,U8<200),"ÖNEMLİ RİSK",IF(AND(U8>=200,U8<400),"YÜKSEK RİSK",IF(U8>=400,"KABUL EDİLEMEZ RİSK",""))))) -> DÜŞÜK RİSK
A9: 10 | M9: =(L9*K9*J9) -> 0 | N9: =IF(AND(M9>=0,M9<20),"DÜŞÜK RİSK",IF(AND(M9>=20,M9<70),"OLASI RİSK",IF(AND(M9>=70,M9<200),"ÖNEMLİ RİSK",IF(AND(M9>=200,M9<400),"YÜKSEK RİSK",IF(M9>=400,"KABUL EDİLEMEZ RİSK",""))))) -> DÜŞÜK RİSK | U9: =(T9*S9*R9) -> 0 | V9: =IF(AND(U9>=0,U9<20),"DÜŞÜK RİSK",IF(AND(U9>=20,U9<70),"OLASI RİSK",IF(AND(U9>=70,U9<200),"ÖNEMLİ RİSK",IF(AND(U9>=200,U9<400),"YÜKSEK RİSK",IF(U9>=400,"KABUL EDİLEMEZ RİSK",""))))) -> DÜŞÜK RİSK
A10: 11 | M10: =(L10*K10*J10) -> 0 | N10: =IF(AND(M10>=0,M10<20),"DÜŞÜK RİSK",IF(AND(M10>=20,M10<70),"OLASI RİSK",IF(AND(M10>=70,M10<200),"ÖNEMLİ RİSK",IF(AND(M10>=200,M10<400),"YÜKSEK RİSK",IF(M10>=400,"KABUL EDİLEMEZ RİSK",""))))) -> DÜŞÜK RİSK | U10: =(T10*S10*R10) -> 0 | V10: =IF(AND(U10>=0,U10<20),"DÜŞÜK RİSK",IF(AND(U10>=20,U10<70),"OLASI RİSK",IF(AND(U10>=70,U10<200),"ÖNEMLİ RİSK",IF(AND(U10>=200,U10<400),"YÜKSEK RİSK",IF(U10>=400,"KABUL EDİLEMEZ RİSK",""))))) -> DÜŞÜK RİSK
A11: 12 | M11: =(L11*K11*J11) -> 0 | N11: =IF(AND(M11>=0,M11<20),"DÜŞÜK RİSK",IF(AND(M11>=20,M11<70),"OLASI RİSK",IF(AND(M11>=70,M11<200),"ÖNEMLİ RİSK",IF(AND(M11>=200,M11<400),"YÜKSEK RİSK",IF(M11>=400,"KABUL EDİLEMEZ RİSK",""))))) -> DÜŞÜK RİSK | U11: =(T11*S11*R11) -> 0 | V11: =IF(AND(U11>=0,U11<20),"DÜŞÜK RİSK",IF(AND(U11>=20,U11<70),"OLASI RİSK",IF(AND(U11>=70,U11<200),"ÖNEMLİ RİSK",IF(AND(U11>=200,U11<400),"YÜKSEK RİSK",IF(U11>=400,"KABUL EDİLEMEZ RİSK",""))))) -> DÜŞÜK RİSK
A12: 13 | M12: =(L12*K12*J12) -> 0 | N12: =IF(AND(M12>=0,M12<20),"DÜŞÜK RİSK",IF(AND(M12>=20,M12<70),"OLASI RİSK",IF(AND(M12>=70,M12<200),"ÖNEMLİ RİSK",IF(AND(M12>=200,M12<400),"YÜKSEK RİSK",IF(M12>=400,"KABUL EDİLEMEZ RİSK",""))))) -> DÜŞÜK RİSK | U12: =(T12*S12*R12) -> 0 | V12: =IF(AND(U12>=0,U12<20),"DÜŞÜK RİSK",IF(AND(U12>=20,U12<70),"OLASI RİSK",IF(AND(U12>=70,U12<200),"ÖNEMLİ RİSK",IF(AND(U12>=200,U12<400),"YÜKSEK RİSK",IF(U12>=400,"KABUL EDİLEMEZ RİSK",""))))) -> DÜŞÜK RİSK
A13: 14 | M13: =(L13*K13*J13) -> 0 | N13: =IF(AND(M13>=0,M13<20),"DÜŞÜK RİSK",IF(AND(M13>=20,M13<70),"OLASI RİSK",IF(AND(M13>=70,M13<200),"ÖNEMLİ RİSK",IF(AND(M13>=200,M13<400),"YÜKSEK RİSK",IF(M13>=400,"KABUL EDİLEMEZ RİSK",""))))) -> DÜŞÜK RİSK | U13: =(T13*S13*R13) -> 0 | V13: =IF(AND(U13>=0,U13<20),"DÜŞÜK RİSK",IF(AND(U13>=20,U13<70),"OLASI RİSK",IF(AND(U13>=70,U13<200),"ÖNEMLİ RİSK",IF(AND(U13>=200,U13<400),"YÜKSEK RİSK",IF(U13>=400,"KABUL EDİLEMEZ RİSK",""))))) -> DÜŞÜK RİSK
A14: 15 | M14: =(L14*K14*J14) -> 0 | N14: =IF(AND(M14>=0,M14<20),"DÜŞÜK RİSK",IF(AND(M14>=20,M14<70),"OLASI RİSK",IF(AND(M14>=70,M14<200),"ÖNEMLİ RİSK",IF(AND(M14>=200,M14<400),"YÜKSEK RİSK",IF(M14>=400,"KABUL EDİLEMEZ RİSK",""))))) -> DÜŞÜK RİSK | U14: =(T14*S14*R14) -> 0 | V14: =IF(AND(U14>=0,U14<20),"DÜŞÜK RİSK",IF(AND(U14>=20,U14<70),"OLASI RİSK",IF(AND(U14>=70,U14<200),"ÖNEMLİ RİSK",IF(AND(U14>=200,U14<400),"YÜKSEK RİSK",IF(U14>=400,"KABUL EDİLEMEZ RİSK",""))))) -> DÜŞÜK RİSK
A15: 16 | M15: =(L15*K15*J15) -> 0 | N15: =IF(AND(M15>=0,M15<20),"DÜŞÜK RİSK",IF(AND(M15>=20,M15<70),"OLASI RİSK",IF(AND(M15>=70,M15<200),"ÖNEMLİ RİSK",IF(AND(M15>=200,M15<400),"YÜKSEK RİSK",IF(M15>=400,"KABUL EDİLEMEZ RİSK",""))))) -> DÜŞÜK RİSK | U15: =(T15*S15*R15) -> 0 | V15: =IF(AND(U15>=0,U15<20),"DÜŞÜK RİSK",IF(AND(U15>=20,U15<70),"OLASI RİSK",IF(AND(U15>=70,U15<200),"ÖNEMLİ RİSK",IF(AND(U15>=200,U15<400),"YÜKSEK RİSK",IF(U15>=400,"KABUL EDİLEMEZ RİSK",""))))) -> DÜŞÜK RİSK
A16: 17 | M16: =(L16*K16*J16) -> 0 | N16: =IF(AND(M16>=0,M16<20),"DÜŞÜK RİSK",IF(AND(M16>=20,M16<70),"OLASI RİSK",IF(AND(M16>=70,M16<200),"ÖNEMLİ RİSK",IF(AND(M16>=200,M16<400),"YÜKSEK RİSK",IF(M16>=400,"KABUL EDİLEMEZ RİSK",""))))) -> DÜŞÜK RİSK | U16: =(T16*S16*R16) -> 0 | V16: =IF(AND(U16>=0,U16<20),"DÜŞÜK RİSK",IF(AND(U16>=20,U16<70),"OLASI RİSK",IF(AND(U16>=70,U16<200),"ÖNEMLİ RİSK",IF(AND(U16>=200,U16<400),"YÜKSEK RİSK",IF(U16>=400,"KABUL EDİLEMEZ RİSK",""))))) -> DÜŞÜK RİSK
A17: İŞVEREN/ VEKİLİ | E17: İŞ GÜVNLİĞİ UZMANI (LARI) | H17: İŞ YERİ HEKİMİ | N17: BAŞ ÇALIŞAN TEMSİLCİSİ | Q17: DESTEK ELEMAN | W17: KALİTE YÖNETİCİSİ
A19: DİĞER KATILIMCILAR / DİĞER EKİP ÜYELERİ (Ad Soyadı, Görevi, İmza)
A20: Ad Soyad
A21: İmza

Sheet Açıklamalar
A1: Risk Değerlendirme Kategorileri Kapsam ve Açıklamaları
A2: Risk değerlendirme çalışmaları aşağıda ifade edilen beş ana kategoride değenlendirilmektedir. Her kategori kendi içinde alt başlıkları kapsamaktadır. Değerlendirme sırasında açıklamalara uygun şekilde risklerin kategorize edilmesi gerekir.
A3: Kategori | B3: Alt Risk Kategorisi | C3: Açıklama
A4: Tıbbi Hizmetler | B4: • Hizmete erişim ile ilgili riskler • Hasta kabul süreci ile ilgili riskler • Tanı süreci ile ilgili riskler • Tedavi ve rehabilitasyon süreci ile ilgili riskler • Takip ve taburculuk süreci ile ilgili riskler • Tıbbi kayıt ve arşiv süreci ile ilgili riskler | C4: • Hizmete erişim ile ilgili riskler: İnternet sayfasında yer alan yanlış adres, randevu alınırken yaşanan hastane kaynaklı aksaklıklar v.b. • Hasta kabul süreci ile ilgili riskler: Kimlik bilgilerinin eksik veya hatalı girilmesi, kimlik doğrulamanın yapılmaması, yanlış polikliniğe yönlendirilme, hasta yatışında yaşanan sorunlar, sahte kimlikli hasta kabulü v.b. • Tanı süreci ile ilgili riskler: Hasta tetkiklerinin karışması, tetkik süreçlerine ilişkin hatalar, hatalı tanı girilmesi v.b. • Tedavi ve rehabilitasyon süreci ile ilgili riskler: Hastanın kliniğine özgü riskler, ilaç uygulama hataları, bakım sürecine ilişkin hatalar, hasta düşmeleri, hastalara takılan yüksek riskli kateterlerin yanlış kullanımı, cerrahi süreç hataları, hasta devrinde hastanın bilgilerinin eksik aktarılması, kurum içi konsültasyon istem sürecindeki aksaklıklar v.b. • Takip ve taburculuk süreci ile ilgili riskler: Hasta takibinde yaşanılan erişim sorunları, hasta ve hasta yakınına taburculuk eğitiminin eksik verilmesi v.b. • Tıbbi kayıt ve arşiv süreci ile ilgili riskler: Hasta kayıtlarına ulaşılamaması, eksik kayıt, arşiv hataları v.b.
A5: Yönetsel Hizmetler | B5: • İdari süreçler ile ilgili riskler • Finansal süreçler ile ilgili riskler • İtibar yönetimi • Paydaşlarla iletişim süreçlerine yönelik riskler • Bilgi yönetimi süreçleri ile ilgili riskler | C5: • İdari süreç ile ilgili riskler: Personel eksikliği, hasta ve çalışan geri bildirimlerinde olumsuz sonuçlar v.b. • Finansal süreç riskleri: İsraf, gereksiz malzeme kullanımı, hizmet alımı kapsamındaki gecikme v.b. • İtibar yönetimi: Sosyal sorumluluk projelerindeki yetersizlik v.b. • Paydaşlarla (112 acil sağlık hizmetleri, sosyal güvenlik kurumu, il sağlık müdürlüğü, aile sağlığı merkezi, tedarikçi, belediye, sosyal hizmet sunucusu v.b.) iletişim süreçlerine yönelik riskler • Bilgi yönetimi süreci riskleri (kişisel verilerin güvenliğinin ihlal edilerek, hasta sonucunun uygunsuz şekilde verilmesi v.b.)
A6: Tesis Güvenliği | B6: • Atık yönetimi sürecindeki riskler • Tıbbi cihaz ve malzeme yönetimi süreci riskleri • Diğer cihaz ve malzemelerin yönetim süreci riskleri • Yangın Güvenliği ile ilgili riskler • Altyapı Sistemleri ile ilgili riskler • İnşaat ve Renovasyon ile ilgili riskler • Acil Durum ve Afet Yönetimi ile ilgili riskler • Emniyet ile ilgili riskler | C6: • Tesis ile ilgili riskler: Tesis kaynaklı düşme olaylarına yönelik önlem alınmaması, acil çıkışlara yönelik yapılmayan düzenlemeler, asansörlerin tescil ve bakım sürecindeki aksaklıklar, acil çıkış kapısı veya yangın çıkışının önünde engel bulunması v.b. • Atık yönetimi sürecindeki riskler: Uygunsuz toplama, taşıma v.b. • Tıbbi cihaz ve malzeme yönetimi süreci riskleri: Bakım ve kalibrasyon eksikliğinden kaynaklanan hatalar, yetersiz malzeme riski, cihaz arızası kaynaklı hasta mağduriyeti, hemşire çağrı zili çalışmaması v.b. (Lazer ve optik radyasyon yayan cihazları dahil) • Diğer cihaz ve malzemelerin yönetim süreci riskleri: Düzenli yapılması gereken bakım-onarımlarda aksaklıklar, pencerelerin yarı açılabilir özellikte olmaması, prizlerde çocuk koruyucu bulunmaması sonucu elektrik çarpması, hasta odalarındaki malzeme ve cihazların arızası v.b. • Yangın güvenliği ile ilgili riskler: Hastanede aşağıda belirtilen konuları da kapsayan ve süreklilik arz eden bir yangın güvenliği risk değerlendirmesi gerçekleştirilmelidir. a) Yangın bölmelendirmeleri b) Duman bölmelendirmeleri c) Örneğin kirli çamaşır odaları, çöp toplama odaları ve oksijen depolama odaları gibi tehlikeli alanlar (ve bu alanların tavanlarının üzerindeki boşluklar) d) Yangın çıkışları e) Mutfakta yağlanmaya neden olan yemek pişirme araçları f) Çamaşır ve çöp şutları (şaftları) g) Acil durum için güç sistemleri (jeneratörler) ve ekipmanlar h) Tıbbi gaz ve vakum sisteminin parçaları i) Yanabilecek malzemelerin depolanması ve kullanımı (örneğin yanıcı sıvılar, yanıcı gazlar ve oksijen ve nitröz oksit gibi oksitleyici tıbbi gazlar) j) Cerrahi yangınların önlenmesine ve yönetilmesine prosedürler ve önlemler k) İnşaat, renovasyon veya yıkım projeleriyle ilişkili yangın tehlikeleri • Altyapı sistemleri ile ilgili riskler: Elektrik dağıtımı, güç; sıhhi tesisat; kazan/buhar; ısıtma, havalandırma ve iklimlendirme (HVAC); tıbbi gazlar; tıbbi/cerrahi vakum; atık yönetimi, iletişim ve veri sistemleri v.b. olacak şekilde güvenli sağlık bakımı verilebilmesi için hayati önem taşıyan hizmetleri destekleyen sistem ve ekipmanlardan kaynaklanan riskler. • İnşaat ve Renovasyon ile ilgili riskler: sistemleri ile ilgili riskler: İnşaat, renovasyon veya yıkım projeleriyle veya bir bakım çalışmasıyla ilişkili risklerin değerlendirilmesini kapsar (Örneğin inşaattan kaynaklanan gürültü ve titreşim konfor düzeylerini etkileyebildiği gibi inşaattan gelen toz ve kokular hava kalitesini bozabilir ve hastanın solunum fonksiyonları açısından risk oluşturabilir. Hastalara, çalışanlara, ziyaretçilere, bağımsız ticari işletmelere ve hastanedeki diğer kişilere yönelik risk, inşaat, renovasyon, yıkım ve bakım çalışmalarının kapsamına ve hasta bakımı, altyapı ve altyapı sistemleri üzerindeki etkisine göre değişiklik gösterebilir. Örnek olarak tıbbi gazlar üzerinde gerçekleştirilen bakım çalışmaları hasta bakımını etkileyebilir; ancak personel otoparkında yapılacak asfaltlama çalışmasının hastalara verilen bakım üzerinde bir etkisi olmayacaktır). • Emniyet ile ilgili riskler: Kuruluşun mallarının ve hasta, hasta yakınları, ziyaretçiler ve personelin zarara veya kayba karşı korunması anlamına gelmektedir. Örn: İş yerinde şiddet, bebek kaçırma, hırsızlık ve hastanedeki kısıtlı alanlara kilitsiz/emniyetsiz erişimdir.
A7: Çevre Güvenliği | B7: • Hava kirliliği oluşturabilecek unsurlar • Atıkların çevreye zarar vermesi • Çevreden hastaneye gelecek zararlar • Tehlikeli atıklardan oluşabilecek zararlar | C7: • Hava kirliliği oluşturabilecek unsurlar: Radyoaktif atıklardan kaynaklanan çevre zararı v.b. • Atıkların çevreye zarar vermesi: Uygunsuz depolama v.b. • Çevreden hastaneye gelecek zararlar: Hastane yakınında kirli su kaynağı, hava kirliliği veya gürültüye sebep olan iş yeri v.b. • Tehlikeli atıklardan oluşabilecek zararlar: Kimyasal atıkların oluşturduğu maruziyet v.b.
A8: İş Sağlığı ve Güvenliği | B8: • Güvenlik - Fiziksel Risk Etmenleri • Güvenlik - Biyolojik Risk Etmenleri • Güvenlik - Psikososyal Risk Etmenleri • Güvenlik- Ergonomik Risk Etmenleri • Tehlikeli Madde Yönetimi / Kimyasal Risk Etmenleri | C8: • Fiziksel risk etmenleri: Gürültü, titreşim, termal konfor şartları (aydınlatma, havalandırma, nem v.b.), ışık, radyasyon, basınç farklılıkları, toz gibi etkenlere maruziyet v.b. • Tehlikeli Maddeler / Kimyasal Risk Etmenleri: Çözücüler (solventler), metaller, gazlar, asit ve alkaliler, pestisidler gibi etkenlere maruziyet v.b. ile diğer tüm tehlikeli maddelere yönelik kullanım, temas, depolama ve bertaraf süreclerine ait riskler. • Biyolojik risk etmenleri: Bakteriler, virüsler, mantarlar, parazitler, böcekler gibi etkenlere ve bunlarla temas etmiş enfekte materyale maruziyet v.b. • Psikososyal risk etmenleri: Mobbing, şiddet, tükenmişlik, stres, yoğun çalışma v.b. • Ergonomik risk etmenleri: Uzun süreli ayakta veya oturarak çalışma, bilgisayar, monitör, çalışma koltuğu gibi cihaz/eşyaların postüre uygun özellik ve pozisyonda olmaması, ağır yük taşıma, eğilerek çalışma v.b. • Güvenlik ile ilgili riskler: Binanın, arazinin, tıbbi teknolojinin ve bilgi teknolojisinin, ekipmanların ve sistemlerin hastalar, hasta yakınları, çalışanlar ve ziyaretçiler açısından fiziksel bir risk teşkil etmesinin önlenmesi anlamına gelmektedir. Örnek olarak keskin ve kırık mobilyalar, kırık pencerelere, akan tavanlar, ergonomik riskler (örneğin hastaları veya ağır objeleri taşırken personelin maruz kaldığı riskler) ve (örneğin engebeli veya kaygan zemin veya tırabzan olmaması nedeniyle) düşme riski sayılabilir.

Sheet Fine Kinney Metodu
B1: FINE KINNEY METODU (Risk Skoru=Olasılık x Frekans x Şiddet)
B3: OLASILIK DEĞERİ | D3: ŞANS zararın gerçekleşme olasılığı | F3: FREKANS DEĞERİ | H3: FREKANS tehlikeye zaman içinde maruz kalma tekrarı | J3: ŞİDDET DEĞERİ | L3: ŞİDDET insan ve/veya çevre üzerinde yaratacağı tahmini zarar
B5: 10 | D5: Beklenir, kesin | F5: 10 | H5: Hemen Hemen Sürekli (bir saatte birkaç defa) | J5: 100 | L5: Birden Fazla Ölümlü Kaza / Çevresel Felaket
B7: 6 | D7: Yüksek, oldukça mümkün | F7: 6 | H7: Sık (günde bir veya birkaç defa) | J7: 40 | L7: Öldürücü Kaza / Ciddi Çevresel Zarar
B9: 3 | D9: Olası | F9: 3 | H9: Ara Sıra (haftada bir veya birkaç defa) | J9: 15 | L9: Kalıcı Hasar - Yaralanma, İş Kaybı / Çevresel Engel Oluşturma, Yakın Çevreden Şikayet
B11: 1 | D11: Mümkün fakat düşük | F11: 2 | H11: Sık Değil (ayda bir veya birkaç defa) | J11: 7 | L11: Önemli Hasar / Yaralanma, Dış İlkyardım İhtiyacı / Arazi Sınırları Dışında Çevresel Zarar
B13: 0.5 | D13: Beklenmez fakat mümkün | F13: 1 | H13: Seyrek (yılda birkaç defa) | J13: 3 | L13: Küçük Hasar/Yaralanma, Dahili İlk Yardım / Arazi İçinde Sınırlı Çevresel Zarar
B15: 0.2 | D15: Beklenmez | F15: 0.5 | H15: Çok Seyrek (yılda bir veya daha seyrek) | J15: 1 | L15: Ucuz Atlatma / Çevresel Zarar Yok
B17: RİSK DEĞERİ | F17: RİSK DEĞERLENDİRME SONUCU
B19: 400 < R | F19: Tolerans Gösterilemez Risk (hemen gerekli önlemler alınmalı / veya tesis, bina, çevrenin kapatılması düşünülmelidir)
B21: 200 < R < 400 | F21: Yüksek Risk (kısa dönemde iyileştirilmelidir (birkaç ay içinde))
B23: 70 < R < 200 | F23: Önemli Risk (uzun dönemde iyileştirilmelidir (yıl içinde))
B25: 20 < R < 70 | F25: Olası Risk (gözetim altında uygulanmalıdır)
B27: 20 < R < 70 | F27: Önemsiz Risk (önlem öncelikli değildir)

Sheet RD Fine Kinney (Birim Bazlı)
A1: TEHLİKE BELİRLEME VE RİSK DEĞERLENDİRME TABLOSU (FINE KINNEY METODU)
A3: Değerlendirilen Birim / Bölüm | H3: =IF(D3="Diğer","Diğer ise belirtiniz;","") | X3: Risk Değ. Güncelleme Tarihi | Y3: 44985 | AC3: Geçerlilik Tarihi | AE3: 45716
A4: İşyeri Unvanı, Adresi | AC4: Kullanılan Metod | AE4: Fine-Kinney Metodu
A6: No | B6: Tespit Tarihi | C6: Risk Kategorisi | D6: Alt Risk Kategorisi | F6: Alan | G6: Faaliyet | H6: Tehlike | I6: Risk | J6: Sonuç/ Olası Etki Zarar | K6: Riskten Etkilenecek Kişiler | L6: Mevcut Durum Açıklaması (Tespit edilen riske ilişkin mevcut önlemler) | M6: Mevcut Durum Görseli (Varsa tespit edilen riske ilişkin görsel) | N6: Mevcut Risk Skoru | S6: İyileştirme Planı | V6: İyileştirme Açıklaması (Tespit edilen riske ilişkin yapılan iyileştirmeler) | W6: İyileştirme Tamamlanma Tarihi | X6: İyileştirme Sonrası Görseli (Yapılan iyileştirme sonrasını gösteren görsel) | Y6: İyileştirme Sonrası Risk Skoru | AD6: İyileştirme Etkinlik Ölçümü | AG6: İlgili Mevzuat
N7: Olasılık | O7: Frekans | P7: Şiddet | Q7: Risk Puanı | R7: Risk Seviyesi | S7: Alınacak Önlemler / İyileştirici Faaliyet | T7: İyileştirme Sorumlusu | U7: Termin | Y7: Olasılık | Z7: Frekans | AA7: Şiddet | AB7: Risk Puanı | AC7: Risk Seviyesi | AD7: Etkinlik Ölçüm Yöntemi | AE7: İyileştirme Kontrol Sorumlusu | AF7: Sonuç
Q8: =IF(OR(ISBLANK(N8)=TRUE,ISBLANK(O8)=TRUE,ISBLANK(P8)=TRUE),"",PRODUCT(N8,O8,P8)) | R8: =IF(Q8="","",IF(AND(Q8>=0,Q8<20),"DÜŞÜK RİSK",IF(AND(Q8>=20,Q8<70),"OLASI RİSK",IF(AND(Q8>=70,Q8<200),"ÖNEMLİ RİSK",IF(AND(Q8>=200,Q8<400),"YÜKSEK RİSK",IF(Q8>=400,"KABUL EDİLEMEZ RİSK","")))))) | AB8: =IF(OR(ISBLANK(Y8)=TRUE,ISBLANK(Z8)=TRUE,ISBLANK(AA8)=TRUE),"",PRODUCT(Y8,Z8,AA8)) | AC8: =IF(AB8="","",IF(AND(AB8>=0,AB8<20),"DÜŞÜK RİSK",IF(AND(AB8>=20,AB8<70),"OLASI RİSK",IF(AND(AB8>=70,AB8<200),"ÖNEMLİ RİSK",IF(AND(AB8>=200,AB8<400),"YÜKSEK RİSK",IF(AB8>=400,"KABUL EDİLEMEZ RİSK",""))))))
Q9: =IF(OR(ISBLANK(N9)=TRUE,ISBLANK(O9)=TRUE,ISBLANK(P9)=TRUE),"",PRODUCT(N9,O9,P9)) | R9: =IF(Q9="","",IF(AND(Q9>=0,Q9<20),"DÜŞÜK RİSK",IF(AND(Q9>=20,Q9<70),"OLASI RİSK",IF(AND(Q9>=70,Q9<200),"ÖNEMLİ RİSK",IF(AND(Q9>=200,Q9<400),"YÜKSEK RİSK",IF(Q9>=400,"KABUL EDİLEMEZ RİSK","")))))) | AB9: =IF(OR(ISBLANK(Y9)=TRUE,ISBLANK(Z9)=TRUE,ISBLANK(AA9)=TRUE),"",PRODUCT(Y9,Z9,AA9)) | AC9: =IF(AB9="","",IF(AND(AB9>=0,AB9<20),"DÜŞÜK RİSK",IF(AND(AB9>=20,AB9<70),"OLASI RİSK",IF(AND(AB9>=70,AB9<200),"ÖNEMLİ RİSK",IF(AND(AB9>=200,AB9<400),"YÜKSEK RİSK",IF(AB9>=400,"KABUL EDİLEMEZ RİSK",""))))))
Q10: =IF(OR(ISBLANK(N10)=TRUE,ISBLANK(O10)=TRUE,ISBLANK(P10)=TRUE),"",PRODUCT(N10,O10,P10)) | R10: =IF(Q10="","",IF(AND(Q10>=0,Q10<20),"DÜŞÜK RİSK",IF(AND(Q10>=20,Q10<70),"OLASI RİSK",IF(AND(Q10>=70,Q10<200),"ÖNEMLİ RİSK",IF(AND(Q10>=200,Q10<400),"YÜKSEK RİSK",IF(Q10>=400,"KABUL EDİLEMEZ RİSK","")))))) | AB10: =IF(OR(ISBLANK(Y10)=TRUE,ISBLANK(Z10)=TRUE,ISBLANK(AA10)=TRUE),"",PRODUCT(Y10,Z10,AA10)) | AC10: =IF(AB10="","",IF(AND(AB10>=0,AB10<20),"DÜŞÜK RİSK",IF(AND(AB10>=20,AB10<70),"OLASI RİSK",IF(AND(AB10>=70,AB10<200),"ÖNEMLİ RİSK",IF(AND(AB10>=200,AB10<400),"YÜKSEK RİSK",IF(AB10>=400,"KABUL EDİLEMEZ RİSK",""))))))
Q11: =IF(OR(ISBLANK(N11)=TRUE,ISBLANK(O11)=TRUE,ISBLANK(P11)=TRUE),"",PRODUCT(N11,O11,P11)) | R11: =IF(Q11="","",IF(AND(Q11>=0,Q11<20),"DÜŞÜK RİSK",IF(AND(Q11>=20,Q11<70),"OLASI RİSK",IF(AND(Q11>=70,Q11<200),"ÖNEMLİ RİSK",IF(AND(Q11>=200,Q11<400),"YÜKSEK RİSK",IF(Q11>=400,"KABUL EDİLEMEZ RİSK","")))))) | AB11: =IF(OR(ISBLANK(Y11)=TRUE,ISBLANK(Z11)=TRUE,ISBLANK(AA11)=TRUE),"",PRODUCT(Y11,Z11,AA11)) | AC11: =IF(AB11="","",IF(AND(AB11>=0,AB11<20),"DÜŞÜK RİSK",IF(AND(AB11>=20,AB11<70),"OLASI RİSK",IF(AND(AB11>=70,AB11<200),"ÖNEMLİ RİSK",IF(AND(AB11>=200,AB11<400),"YÜKSEK RİSK",IF(AB11>=400,"KABUL EDİLEMEZ RİSK",""))))))
Q12: =IF(OR(ISBLANK(N12)=TRUE,ISBLANK(O12)=TRUE,ISBLANK(P12)=TRUE),"",PRODUCT(N12,O12,P12)) | R12: =IF(Q12="","",IF(AND(Q12>=0,Q12<20),"DÜŞÜK RİSK",IF(AND(Q12>=20,Q12<70),"OLASI RİSK",IF(AND(Q12>=70,Q12<200),"ÖNEMLİ RİSK",IF(AND(Q12>=200,Q12<400),"YÜKSEK RİSK",IF(Q12>=400,"KABUL EDİLEMEZ RİSK","")))))) | AB12: =IF(OR(ISBLANK(Y12)=TRUE,ISBLANK(Z12)=TRUE,ISBLANK(AA12)=TRUE),"",PRODUCT(Y12,Z12,AA12)) | AC12: =IF(AB12="","",IF(AND(AB12>=0,AB12<20),"DÜŞÜK RİSK",IF(AND(AB12>=20,AB12<70),"OLASI RİSK",IF(AND(AB12>=70,AB12<200),"ÖNEMLİ RİSK",IF(AND(AB12>=200,AB12<400),"YÜKSEK RİSK",IF(AB12>=400,"KABUL EDİLEMEZ RİSK",""))))))
Q13: =IF(OR(ISBLANK(N13)=TRUE,ISBLANK(O13)=TRUE,ISBLANK(P13)=TRUE),"",PRODUCT(N13,O13,P13)) | R13: =IF(Q13="","",IF(AND(Q13>=0,Q13<20),"DÜŞÜK RİSK",IF(AND(Q13>=20,Q13<70),"OLASI RİSK",IF(AND(Q13>=70,Q13<200),"ÖNEMLİ RİSK",IF(AND(Q13>=200,Q13<400),"YÜKSEK RİSK",IF(Q13>=400,"KABUL EDİLEMEZ RİSK","")))))) | AB13: =IF(OR(ISBLANK(Y13)=TRUE,ISBLANK(Z13)=TRUE,ISBLANK(AA13)=TRUE),"",PRODUCT(Y13,Z13,AA13)) | AC13: =IF(AB13="","",IF(AND(AB13>=0,AB13<20),"DÜŞÜK RİSK",IF(AND(AB13>=20,AB13<70),"OLASI RİSK",IF(AND(AB13>=70,AB13<200),"ÖNEMLİ RİSK",IF(AND(AB13>=200,AB13<400),"YÜKSEK RİSK",IF(AB13>=400,"KABUL EDİLEMEZ RİSK",""))))))
Q14: =IF(OR(ISBLANK(N14)=TRUE,ISBLANK(O14)=TRUE,ISBLANK(P14)=TRUE),"",PRODUCT(N14,O14,P14)) | R14: =IF(Q14="","",IF(AND(Q14>=0,Q14<20),"DÜŞÜK RİSK",IF(AND(Q14>=20,Q14<70),"OLASI RİSK",IF(AND(Q14>=70,Q14<200),"ÖNEMLİ RİSK",IF(AND(Q14>=200,Q14<400),"YÜKSEK RİSK",IF(Q14>=400,"KABUL EDİLEMEZ RİSK","")))))) | AB14: =IF(OR(ISBLANK(Y14)=TRUE,ISBLANK(Z14)=TRUE,ISBLANK(AA14)=TRUE),"",PRODUCT(Y14,Z14,AA14)) | AC14: =IF(AB14="","",IF(AND(AB14>=0,AB14<20),"DÜŞÜK RİSK",IF(AND(AB14>=20,AB14<70),"OLASI RİSK",IF(AND(AB14>=70,AB14<200),"ÖNEMLİ RİSK",IF(AND(AB14>=200,AB14<400),"YÜKSEK RİSK",IF(AB14>=400,"KABUL EDİLEMEZ RİSK",""))))))
Q15: =IF(OR(ISBLANK(N15)=TRUE,ISBLANK(O15)=TRUE,ISBLANK(P15)=TRUE),"",PRODUCT(N15,O15,P15)) | R15: =IF(Q15="","",IF(AND(Q15>=0,Q15<20),"DÜŞÜK RİSK",IF(AND(Q15>=20,Q15<70),"OLASI RİSK",IF(AND(Q15>=70,Q15<200),"ÖNEMLİ RİSK",IF(AND(Q15>=200,Q15<400),"YÜKSEK RİSK",IF(Q15>=400,"KABUL EDİLEMEZ RİSK","")))))) | AB15: =IF(OR(ISBLANK(Y15)=TRUE,ISBLANK(Z15)=TRUE,ISBLANK(AA15)=TRUE),"",PRODUCT(Y15,Z15,AA15)) | AC15: =IF(AB15="","",IF(AND(AB15>=0,AB15<20),"DÜŞÜK RİSK",IF(AND(AB15>=20,AB15<70),"OLASI RİSK",IF(AND(AB15>=70,AB15<200),"ÖNEMLİ RİSK",IF(AND(AB15>=200,AB15<400),"YÜKSEK RİSK",IF(AB15>=400,"KABUL EDİLEMEZ RİSK",""))))))
Q16: =IF(OR(ISBLANK(N16)=TRUE,ISBLANK(O16)=TRUE,ISBLANK(P16)=TRUE),"",PRODUCT(N16,O16,P16)) | R16: =IF(Q16="","",IF(AND(Q16>=0,Q16<20),"DÜŞÜK RİSK",IF(AND(Q16>=20,Q16<70),"OLASI RİSK",IF(AND(Q16>=70,Q16<200),"ÖNEMLİ RİSK",IF(AND(Q16>=200,Q16<400),"YÜKSEK RİSK",IF(Q16>=400,"KABUL EDİLEMEZ RİSK","")))))) | AB16: =IF(OR(ISBLANK(Y16)=TRUE,ISBLANK(Z16)=TRUE,ISBLANK(AA16)=TRUE),"",PRODUCT(Y16,Z16,AA16)) | AC16: =IF(AB16="","",IF(AND(AB16>=0,AB16<20),"DÜŞÜK RİSK",IF(AND(AB16>=20,AB16<70),"OLASI RİSK",IF(AND(AB16>=70,AB16<200),"ÖNEMLİ RİSK",IF(AND(AB16>=200,AB16<400),"YÜKSEK RİSK",IF(AB16>=400,"KABUL EDİLEMEZ RİSK",""))))))
Q17: =IF(OR(ISBLANK(N17)=TRUE,ISBLANK(O17)=TRUE,ISBLANK(P17)=TRUE),"",PRODUCT(N17,O17,P17)) | R17: =IF(Q17="","",IF(AND(Q17>=0,Q17<20),"DÜŞÜK RİSK",IF(AND(Q17>=20,Q17<70),"OLASI RİSK",IF(AND(Q17>=70,Q17<200),"ÖNEMLİ RİSK",IF(AND(Q17>=200,Q17<400),"YÜKSEK RİSK",IF(Q17>=400,"KABUL EDİLEMEZ RİSK","")))))) | AB17: =IF(OR(ISBLANK(Y17)=TRUE,ISBLANK(Z17)=TRUE,ISBLANK(AA17)=TRUE),"",PRODUCT(Y17,Z17,AA17)) | AC17: =IF(AB17="","",IF(AND(AB17>=0,AB17<20),"DÜŞÜK RİSK",IF(AND(AB17>=20,AB17<70),"OLASI RİSK",IF(AND(AB17>=70,AB17<200),"ÖNEMLİ RİSK",IF(AND(AB17>=200,AB17<400),"YÜKSEK RİSK",IF(AB17>=400,"KABUL EDİLEMEZ RİSK",""))))))
Q18: =IF(OR(ISBLANK(N18)=TRUE,ISBLANK(O18)=TRUE,ISBLANK(P18)=TRUE),"",PRODUCT(N18,O18,P18)) | R18: =IF(Q18="","",IF(AND(Q18>=0,Q18<20),"DÜŞÜK RİSK",IF(AND(Q18>=20,Q18<70),"OLASI RİSK",IF(AND(Q18>=70,Q18<200),"ÖNEMLİ RİSK",IF(AND(Q18>=200,Q18<400),"YÜKSEK RİSK",IF(Q18>=400,"KABUL EDİLEMEZ RİSK","")))))) | AB18: =IF(OR(ISBLANK(Y18)=TRUE,ISBLANK(Z18)=TRUE,ISBLANK(AA18)=TRUE),"",PRODUCT(Y18,Z18,AA18)) | AC18: =IF(AB18="","",IF(AND(AB18>=0,AB18<20),"DÜŞÜK RİSK",IF(AND(AB18>=20,AB18<70),"OLASI RİSK",IF(AND(AB18>=70,AB18<200),"ÖNEMLİ RİSK",IF(AND(AB18>=200,AB18<400),"YÜKSEK RİSK",IF(AB18>=400,"KABUL EDİLEMEZ RİSK",""))))))
Q19: =IF(OR(ISBLANK(N19)=TRUE,ISBLANK(O19)=TRUE,ISBLANK(P19)=TRUE),"",PRODUCT(N19,O19,P19)) | R19: =IF(Q19="","",IF(AND(Q19>=0,Q19<20),"DÜŞÜK RİSK",IF(AND(Q19>=20,Q19<70),"OLASI RİSK",IF(AND(Q19>=70,Q19<200),"ÖNEMLİ RİSK",IF(AND(Q19>=200,Q19<400),"YÜKSEK RİSK",IF(Q19>=400,"KABUL EDİLEMEZ RİSK","")))))) | AB19: =IF(OR(ISBLANK(Y19)=TRUE,ISBLANK(Z19)=TRUE,ISBLANK(AA19)=TRUE),"",PRODUCT(Y19,Z19,AA19)) | AC19: =IF(AB19="","",IF(AND(AB19>=0,AB19<20),"DÜŞÜK RİSK",IF(AND(AB19>=20,AB19<70),"OLASI RİSK",IF(AND(AB19>=70,AB19<200),"ÖNEMLİ RİSK",IF(AND(AB19>=200,AB19<400),"YÜKSEK RİSK",IF(AB19>=400,"KABUL EDİLEMEZ RİSK",""))))))
... Q100: =IF(OR(ISBLANK(N100)=TRUE,ISBLANK(O100)=TRUE,ISBLANK(P100)=TRUE),"",PRODUCT(N100,O100,P100)) | R100: =IF(Q100="","",IF(AND(Q100>=0,Q100<20),"DÜŞÜK RİSK",IF(AND(Q100>=20,Q100<70),"OLASI RİSK",IF(AND(Q100>=70,Q100<200),"ÖNEMLİ RİSK",IF(AND(Q100>=200,Q100<400),"YÜKSEK RİSK",IF(Q100>=400,"KABUL EDİLEMEZ RİSK","")))))) | AB100: =IF(OR(ISBLANK(Y100)=TRUE,ISBLANK(Z100)=TRUE,ISBLANK(AA100)=TRUE),"",PRODUCT(Y100,Z100,AA100)) | AC100: =IF(AB100="","",IF(AND(AB100>=0,AB100<20),"DÜŞÜK RİSK",IF(AND(AB100>=20,AB100<70),"OLASI RİSK",IF(AND(AB100>=70,AB100<200),"ÖNEMLİ RİSK",IF(AND(AB100>=200,AB100<400),"YÜKSEK RİSK",IF(AB100>=400,"KABUL EDİLEMEZ RİSK",""))))))
A101: RİSK DEĞERLENDİRME EKİBİ
A102: İşveren / İşveren Vekili | F102: İş Güvenliği Uzmanları | J102: İşyeri Hekimi | N102: Baş Çalışan Temsilcisi | T102: Destek Elemanı | W102: İlgili Birim Yöneticisi | AD102: İlgili Birim Sorumlusu
A104: Diğer Katılımcılar (Adı Soyadı, Görevi, Tarih, İmza)

Sheet Analiz (Birim Bazlı)
B2: KATEGORİ BAZLI RİSK DÜZEYİ DAĞILIMI
C5: Mevcut Durum | I5: İyileştirme Sonrası
B6: Kategoriler | C6: Düşük Risk | D6: Olası Risk | E6: Önemli Risk | F6: Yüksek Risk | G6: Kabul Edilemez Risk | H6: Toplam | I6: Düşük Risk | J6: Olası Risk | K6: Önemli Risk | L6: Yüksek Risk | M6: Kabul Edilemez Risk | N6: Toplam
B7: Çevre Güvenliği | C7: =COUNTIFS('RD Fine Kinney (Birim Bazlı)'!$C$8:$C$100,'Analiz (Birim Bazlı)'!$B7,'RD Fine Kinney (Birim Bazlı)'!$R$8:$R$100,'Analiz (Birim Bazlı)'!C$6) -> 0 | D7: =COUNTIFS('RD Fine Kinney (Birim Bazlı)'!$C$8:$C$100,'Analiz (Birim Bazlı)'!$B7,'RD Fine Kinney (Birim Bazlı)'!$R$8:$R$100,'Analiz (Birim Bazlı)'!D$6) -> 0 | E7: =COUNTIFS('RD Fine Kinney (Birim Bazlı)'!$C$8:$C$100,'Analiz (Birim Bazlı)'!$B7,'RD Fine Kinney (Birim Bazlı)'!$R$8:$R$100,'Analiz (Birim Bazlı)'!E$6) -> 0 | F7: =COUNTIFS('RD Fine Kinney (Birim Bazlı)'!$C$8:$C$100,'Analiz (Birim Bazlı)'!$B7,'RD Fine Kinney (Birim Bazlı)'!$R$8:$R$100,'Analiz (Birim Bazlı)'!F$6) -> 0 | G7: =COUNTIFS('RD Fine Kinney (Birim Bazlı)'!$C$8:$C$100,'Analiz (Birim Bazlı)'!$B7,'RD Fine Kinney (Birim Bazlı)'!$R$8:$R$100,'Analiz (Birim Bazlı)'!G$6) -> 0 | H7: =SUM(C7:G7) -> 0 | I7: =COUNTIFS('RD Fine Kinney (Birim Bazlı)'!$C$8:$C$100,'Analiz (Birim Bazlı)'!$B7,'RD Fine Kinney (Birim Bazlı)'!$AC$8:$AC$100,'Analiz (Birim Bazlı)'!I$6) -> 0 | J7: =COUNTIFS('RD Fine Kinney (Birim Bazlı)'!$C$8:$C$100,'Analiz (Birim Bazlı)'!$B7,'RD Fine Kinney (Birim Bazlı)'!$AC$8:$AC$100,'Analiz (Birim Bazlı)'!J$6) -> 0 | K7: =COUNTIFS('RD Fine Kinney (Birim Bazlı)'!$C$8:$C$100,'Analiz (Birim Bazlı)'!$B7,'RD Fine Kinney (Birim Bazlı)'!$AC$8:$AC$100,'Analiz (Birim Bazlı)'!K$6) -> 0 | L7: =COUNTIFS('RD Fine Kinney (Birim Bazlı)'!$C$8:$C$100,'Analiz (Birim Bazlı)'!$B7,'RD Fine Kinney (Birim Bazlı)'!$AC$8:$AC$100,'Analiz (Birim Bazlı)'!L$6) -> 0 | M7: =COUNTIFS('RD Fine Kinney (Birim Bazlı)'!$C$8:$C$100,'Analiz (Birim Bazlı)'!$B7,'RD Fine Kinney (Birim Bazlı)'!$AC$8:$AC$100,'Analiz (Birim Bazlı)'!M$6) -> 0 | N7: =SUM(I7:M7) -> 0
B8: Hava kirliliği oluşturabilecek unsurlar | C8: =COUNTIFS('RD Fine Kinney (Birim Bazlı)'!$D$8:$D$100,'Analiz (Birim Bazlı)'!$B8,'RD Fine Kinney (Birim Bazlı)'!$R$8:$R$100,'Analiz (Birim Bazlı)'!C$6) -> 0 | D8: =COUNTIFS('RD Fine Kinney (Birim Bazlı)'!$D$8:$D$100,'Analiz (Birim Bazlı)'!$B8,'RD Fine Kinney (Birim Bazlı)'!$R$8:$R$100,'Analiz (Birim Bazlı)'!D$6) -> 0 | E8: =COUNTIFS('RD Fine Kinney (Birim Bazlı)'!$D$8:$D$100,'Analiz (Birim Bazlı)'!$B8,'RD Fine Kinney (Birim Bazlı)'!$R$8:$R$100,'Analiz (Birim Bazlı)'!E$6) -> 0 | F8: =COUNTIFS('RD Fine Kinney (Birim Bazlı)'!$D$8:$D$100,'Analiz (Birim Bazlı)'!$B8,'RD Fine Kinney (Birim Bazlı)'!$R$8:$R$100,'Analiz (Birim Bazlı)'!F$6) -> 0 | G8: =COUNTIFS('RD Fine Kinney (Birim Bazlı)'!$D$8:$D$100,'Analiz (Birim Bazlı)'!$B8,'RD Fine Kinney (Birim Bazlı)'!$R$8:$R$100,'Analiz (Birim Bazlı)'!G$6) -> 0 | H8: =SUM(C8:G8) -> 0 | I8: =COUNTIFS('RD Fine Kinney (Birim Bazlı)'!$D$8:$D$100,'Analiz (Birim Bazlı)'!$B8,'RD Fine Kinney (Birim Bazlı)'!$AC$8:$AC$100,'Analiz (Birim Bazlı)'!I$6) -> 0 | J8: =COUNTIFS('RD Fine Kinney (Birim Bazlı)'!$D$8:$D$100,'Analiz (Birim Bazlı)'!$B8,'RD Fine Kinney (Birim Bazlı)'!$AC$8:$AC$100,'Analiz (Birim Bazlı)'!J$6) -> 0 | K8: =COUNTIFS('RD Fine Kinney (Birim Bazlı)'!$D$8:$D$100,'Analiz (Birim Bazlı)'!$B8,'RD Fine Kinney (Birim Bazlı)'!$AC$8:$AC$100,'Analiz (Birim Bazlı)'!K$6) -> 0 | L8: =COUNTIFS('RD Fine Kinney (Birim Bazlı)'!$D$8:$D$100,'Analiz (Birim Bazlı)'!$B8,'RD Fine Kinney (Birim Bazlı)'!$AC$8:$AC$100,'Analiz (Birim Bazlı)'!L$6) -> 0 | M8: =COUNTIFS('RD Fine Kinney (Birim Bazlı)'!$D$8:$D$100,'Analiz (Birim Bazlı)'!$B8,'RD Fine Kinney (Birim Bazlı)'!$AC$8:$AC$100,'Analiz (Birim Bazlı)'!M$6) -> 0 | N8: =SUM(I8:M8) -> 0
B9: Atıkların çevreye zarar vermesi | C9: =COUNTIFS('RD Fine Kinney (Birim Bazlı)'!$D$8:$D$100,'Analiz (Birim Bazlı)'!$B9,'RD Fine Kinney (Birim Bazlı)'!$R$8:$R$100,'Analiz (Birim Bazlı)'!C$6) -> 0 | D9: =COUNTIFS('RD Fine Kinney (Birim Bazlı)'!$D$8:$D$100,'Analiz (Birim Bazlı)'!$B9,'RD Fine Kinney (Birim Bazlı)'!$R$8:$R$100,'Analiz (Birim Bazlı)'!D$6) -> 0 | E9: =COUNTIFS('RD Fine Kinney (Birim Bazlı)'!$D$8:$D$100,'Analiz (Birim Bazlı)'!$B9,'RD Fine Kinney (Birim Bazlı)'!$R$8:$R$100,'Analiz (Birim Bazlı)'!E$6) -> 0 | F9: =COUNTIFS('RD Fine Kinney (Birim Bazlı)'!$D$8:$D$100,'Analiz (Birim Bazlı)'!$B9,'RD Fine Kinney (Birim Bazlı)'!$R$8:$R$100,'Analiz (Birim Bazlı)'!F$6) -> 0 | G9: =COUNTIFS('RD Fine Kinney (Birim Bazlı)'!$D$8:$D$100,'Analiz (Birim Bazlı)'!$B9,'RD Fine Kinney (Birim Bazlı)'!$R$8:$R$100,'Analiz (Birim Bazlı)'!G$6) -> 0 | H9: =SUM(C9:G9) -> 0 | I9: =COUNTIFS('RD Fine Kinney (Birim Bazlı)'!$D$8:$D$100,'Analiz (Birim Bazlı)'!$B9,'RD Fine Kinney (Birim Bazlı)'!$AC$8:$AC$100,'Analiz (Birim Bazlı)'!I$6) -> 0 | J9: =COUNTIFS('RD Fine Kinney (Birim Bazlı)'!$D$8:$D$100,'Analiz (Birim Bazlı)'!$B9,'RD Fine Kinney (Birim Bazlı)'!$AC$8:$AC$100,'Analiz (Birim Bazlı)'!J$6) -> 0 | K9: =COUNTIFS('RD Fine Kinney (Birim Bazlı)'!$D$8:$D$100,'Analiz (Birim Bazlı)'!$B9,'RD Fine Kinney (Birim Bazlı)'!$AC$8:$AC$100,'Analiz (Birim Bazlı)'!K$6) -> 0 | L9: =COUNTIFS('RD Fine Kinney (Birim Bazlı)'!$D$8:$D$100,'Analiz (Birim Bazlı)'!$B9,'RD Fine Kinney (Birim Bazlı)'!$AC$8:$AC$100,'Analiz (Birim Bazlı)'!L$6) -> 0 | M9: =COUNTIFS('RD Fine Kinney (Birim Bazlı)'!$D$8:$D$100,'Analiz (Birim Bazlı)'!$B9,'RD Fine Kinney (Birim Bazlı)'!$AC$8:$AC$100,'Analiz (Birim Bazlı)'!M$6) -> 0 | N9: =SUM(I9:M9) -> 0
B10: Çevreden hastaneye gelecek zararlar | C10: =COUNTIFS('RD Fine Kinney (Birim Bazlı)'!$D$8:$D$100,'Analiz (Birim Bazlı)'!$B10,'RD Fine Kinney (Birim Bazlı)'!$R$8:$R$100,'Analiz (Birim Bazlı)'!C$6) -> 0 | D10: =COUNTIFS('RD Fine Kinney (Birim Bazlı)'!$D$8:$D$100,'Analiz (Birim Bazlı)'!$B10,'RD Fine Kinney (Birim Bazlı)'!$R$8:$R$100,'Analiz (Birim Bazlı)'!D$6) -> 0 | E10: =COUNTIFS('RD Fine Kinney (Birim Bazlı)'!$D$8:$D$100,'Analiz (Birim Bazlı)'!$B10,'RD Fine Kinney (Birim Bazlı)'!$R$8:$R$100,'Analiz (Birim Bazlı)'!E$6) -> 0 | F10: =COUNTIFS('RD Fine Kinney (Birim Bazlı)'!$D$8:$D$100,'Analiz (Birim Bazlı)'!$B10,'RD Fine Kinney (Birim Bazlı)'!$R$8:$R$100,'Analiz (Birim Bazlı)'!F$6) -> 0 | G10: =COUNTIFS('RD Fine Kinney (Birim Bazlı)'!$D$8:$D$100,'Analiz (Birim Bazlı)'!$B10,'RD Fine Kinney (Birim Bazlı)'!$R$8:$R$100,'Analiz (Birim Bazlı)'!G$6) -> 0 | H10: =SUM(C10:G10) -> 0 | I10: =COUNTIFS('RD Fine Kinney (Birim Bazlı)'!$D$8:$D$100,'Analiz (Birim Bazlı)'!$B10,'RD Fine Kinney (Birim Bazlı)'!$AC$8:$AC$100,'Analiz (Birim Bazlı)'!I$6) -> 0 | J10: =COUNTIFS('RD Fine Kinney (Birim Bazlı)'!$D$8:$D$100,'Analiz (Birim Bazlı)'!$B10,'RD Fine Kinney (Birim Bazlı)'!$AC$8:$AC$100,'Analiz (Birim Bazlı)'!J$6) -> 0 | K10: =COUNTIFS('RD Fine Kinney (Birim Bazlı)'!$D$8:$D$100,'Analiz (Birim Bazlı)'!$B10,'RD Fine Kinney (Birim Bazlı)'!$AC$8:$AC$100,'Analiz (Birim Bazlı)'!K$6) -> 0 | L10: =COUNTIFS('RD Fine Kinney (Birim Bazlı)'!$D$8:$D$100,'Analiz (Birim Bazlı)'!$B10,'RD Fine Kinney (Birim Bazlı)'!$AC$8:$AC$100,'Analiz (Birim Bazlı)'!L$6) -> 0 | M10: =COUNTIFS('RD Fine Kinney (Birim Bazlı)'!$D$8:$D$100,'Analiz (Birim Bazlı)'!$B10,'RD Fine Kinney (Birim Bazlı)'!$AC$8:$AC$100,'Analiz (Birim Bazlı)'!M$6) -> 0 | N10: =SUM(I10:M10) -> 0
B11: Tehlikeli atıklardan oluşabilecek zararlar | C11: =COUNTIFS('RD Fine Kinney (Birim Bazlı)'!$D$8:$D$100,'Analiz (Birim Bazlı)'!$B11,'RD Fine Kinney (Birim Bazlı)'!$R$8:$R$100,'Analiz (Birim Bazlı)'!C$6) -> 0 | D11: =COUNTIFS('RD Fine Kinney (Birim Bazlı)'!$D$8:$D$100,'Analiz (Birim Bazlı)'!$B11,'RD Fine Kinney (Birim Bazlı)'!$R$8:$R$100,'Analiz (Birim Bazlı)'!D$6) -> 0 | E11: =COUNTIFS('RD Fine Kinney (Birim Bazlı)'!$D$8:$D$100,'Analiz (Birim Bazlı)'!$B11,'RD Fine Kinney (Birim Bazlı)'!$R$8:$R$100,'Analiz (Birim Bazlı)'!E$6) -> 0 | F11: =COUNTIFS('RD Fine Kinney (Birim Bazlı)'!$D$8:$D$100,'Analiz (Birim Bazlı)'!$B11,'RD Fine Kinney (Birim Bazlı)'!$R$8:$R$100,'Analiz (Birim Bazlı)'!F$6) -> 0 | G11: =COUNTIFS('RD Fine Kinney (Birim Bazlı)'!$D$8:$D$100,'Analiz (Birim Bazlı)'!$B11,'RD Fine Kinney (Birim Bazlı)'!$R$8:$R$100,'Analiz (Birim Bazlı)'!G$6) -> 0 | H11: =SUM(C11:G11) -> 0 | I11: =COUNTIFS('RD Fine Kinney (Birim Bazlı)'!$D$8:$D$100,'Analiz (Birim Bazlı)'!$B11,'RD Fine Kinney (Birim Bazlı)'!$AC$8:$AC$100,'Analiz (Birim Bazlı)'!I$6) -> 0 | J11: =COUNTIFS('RD Fine Kinney (Birim Bazlı)'!$D$8:$D$100,'Analiz (Birim Bazlı)'!$B11,'RD Fine Kinney (Birim Bazlı)'!$AC$8:$AC$100,'Analiz (Birim Bazlı)'!J$6) -> 0 | K11: =COUNTIFS('RD Fine Kinney (Birim Bazlı)'!$D$8:$D$100,'Analiz (Birim Bazlı)'!$B11,'RD Fine Kinney (Birim Bazlı)'!$AC$8:$AC$100,'Analiz (Birim Bazlı)'!K$6) -> 0 | L11: =COUNTIFS('RD Fine Kinney (Birim Bazlı)'!$D$8:$D$100,'Analiz (Birim Bazlı)'!$B11,'RD Fine Kinney (Birim Bazlı)'!$AC$8:$AC$100,'Analiz (Birim Bazlı)'!L$6) -> 0 | M11: =COUNTIFS('RD Fine Kinney (Birim Bazlı)'!$D$8:$D$100,'Analiz (Birim Bazlı)'!$B11,'RD Fine Kinney (Birim Bazlı)'!$AC$8:$AC$100,'Analiz (Birim Bazlı)'!M$6) -> 0 | N11: =SUM(I11:M11) -> 0
B12: İş Sağlığı ve Güvenliği | C12: =COUNTIFS('RD Fine Kinney (Birim Bazlı)'!$C$8:$C$100,'Analiz (Birim Bazlı)'!$B12,'RD Fine Kinney (Birim Bazlı)'!$R$8:$R$100,'Analiz (Birim Bazlı)'!C$6) -> 0 | D12: =COUNTIFS('RD Fine Kinney (Birim Bazlı)'!$C$8:$C$100,'Analiz (Birim Bazlı)'!$B12,'RD Fine Kinney (Birim Bazlı)'!$R$8:$R$100,'Analiz (Birim Bazlı)'!D$6) -> 0 | E12: =COUNTIFS('RD Fine Kinney (Birim Bazlı)'!$C$8:$C$100,'Analiz (Birim Bazlı)'!$B12,'RD Fine Kinney (Birim Bazlı)'!$R$8:$R$100,'Analiz (Birim Bazlı)'!E$6) -> 0 | F12: =COUNTIFS('RD Fine Kinney (Birim Bazlı)'!$C$8:$C$100,'Analiz (Birim Bazlı)'!$B12,'RD Fine Kinney (Birim Bazlı)'!$R$8:$R$100,'Analiz (Birim Bazlı)'!F$6) -> 0 | G12: =COUNTIFS('RD Fine Kinney (Birim Bazlı)'!$C$8:$C$100,'Analiz (Birim Bazlı)'!$B12,'RD Fine Kinney (Birim Bazlı)'!$R$8:$R$100,'Analiz (Birim Bazlı)'!G$6) -> 0 | H12: =SUM(C12:G12) -> 0 | I12: =COUNTIFS('RD Fine Kinney (Birim Bazlı)'!$C$8:$C$100,'Analiz (Birim Bazlı)'!$B12,'RD Fine Kinney (Birim Bazlı)'!$AC$8:$AC$100,'Analiz (Birim Bazlı)'!I$6) -> 0 | J12: =COUNTIFS('RD Fine Kinney (Birim Bazlı)'!$C$8:$C$100,'Analiz (Birim Bazlı)'!$B12,'RD Fine Kinney (Birim Bazlı)'!$AC$8:$AC$100,'Analiz (Birim Bazlı)'!J$6) -> 0 | K12: =COUNTIFS('RD Fine Kinney (Birim Bazlı)'!$C$8:$C$100,'Analiz (Birim Bazlı)'!$B12,'RD Fine Kinney (Birim Bazlı)'!$AC$8:$AC$100,'Analiz (Birim Bazlı)'!K$6) -> 0 | L12: =COUNTIFS('RD Fine Kinney (Birim Bazlı)'!$C$8:$C$100,'Analiz (Birim Bazlı)'!$B12,'RD Fine Kinney (Birim Bazlı)'!$AC$8:$AC$100,'Analiz (Birim Bazlı)'!L$6) -> 0 | M12: =COUNTIFS('RD Fine Kinney (Birim Bazlı)'!$C$8:$C$100,'Analiz (Birim Bazlı)'!$B12,'RD Fine Kinney (Birim Bazlı)'!$AC$8:$AC$100,'Analiz (Birim Bazlı)'!M$6) -> 0 | N12: =SUM(I12:M12) -> 0
B13: Güvenlik - Fiziksel Risk Etmenleri | C13: =COUNTIFS('RD Fine Kinney (Birim Bazlı)'!$D$8:$D$100,'Analiz (Birim Bazlı)'!$B13,'RD Fine Kinney (Birim Bazlı)'!$R$8:$R$100,'Analiz (Birim Bazlı)'!C$6) -> 0 | D13: =COUNTIFS('RD Fine Kinney (Birim Bazlı)'!$D$8:$D$100,'Analiz (Birim Bazlı)'!$B13,'RD Fine Kinney (Birim Bazlı)'!$R$8:$R$100,'Analiz (Birim Bazlı)'!D$6) -> 0 | E13: =COUNTIFS('RD Fine Kinney (Birim Bazlı)'!$D$8:$D$100,'Analiz (Birim Bazlı)'!$B13,'RD Fine Kinney (Birim Bazlı)'!$R$8:$R$100,'Analiz (Birim Bazlı)'!E$6) -> 0 | F13: =COUNTIFS('RD Fine Kinney (Birim Bazlı)'!$D$8:$D$100,'Analiz (Birim Bazlı)'!$B13,'RD Fine Kinney (Birim Bazlı)'!$R$8:$R$100,'Analiz (Birim Bazlı)'!F$6) -> 0 | G13: =COUNTIFS('RD Fine Kinney (Birim Bazlı)'!$D$8:$D$100,'Analiz (Birim Bazlı)'!$B13,'RD Fine Kinney (Birim Bazlı)'!$R$8:$R$100,'Analiz (Birim Bazlı)'!G$6) -> 0 | H13: =SUM(C13:G13) -> 0 | I13: =COUNTIFS('RD Fine Kinney (Birim Bazlı)'!$D$8:$D$100,'Analiz (Birim Bazlı)'!$B13,'RD Fine Kinney (Birim Bazlı)'!$AC$8:$AC$100,'Analiz (Birim Bazlı)'!I$6) -> 0 | J13: =COUNTIFS('RD Fine Kinney (Birim Bazlı)'!$D$8:$D$100,'Analiz (Birim Bazlı)'!$B13,'RD Fine Kinney (Birim Bazlı)'!$AC$8:$AC$100,'Analiz (Birim Bazlı)'!J$6) -> 0 | K13: =COUNTIFS('RD Fine Kinney (Birim Bazlı)'!$D$8:$D$100,'Analiz (Birim Bazlı)'!$B13,'RD Fine Kinney (Birim Bazlı)'!$AC$8:$AC$100,'Analiz (Birim Bazlı)'!K$6) -> 0 | L13: =COUNTIFS('RD Fine Kinney (Birim Bazlı)'!$D$8:$D$100,'Analiz (Birim Bazlı)'!$B13,'RD Fine Kinney (Birim Bazlı)'!$AC$8:$AC$100,'Analiz (Birim Bazlı)'!L$6) -> 0 | M13: =COUNTIFS('RD Fine Kinney (Birim Bazlı)'!$D$8:$D$100,'Analiz (Birim Bazlı)'!$B13,'RD Fine Kinney (Birim Bazlı)'!$AC$8:$AC$100,'Analiz (Birim Bazlı)'!M$6) -> 0 | N13: =SUM(I13:M13) -> 0
B14: Güvenlik - Biyolojik Risk Etmenleri | C14: =COUNTIFS('RD Fine Kinney (Birim Bazlı)'!$D$8:$D$100,'Analiz (Birim Bazlı)'!$B14,'RD Fine Kinney (Birim Bazlı)'!$R$8:$R$100,'Analiz (Birim Bazlı)'!C$6) -> 0 | D14: =COUNTIFS('RD Fine Kinney (Birim Bazlı)'!$D$8:$D$100,'Analiz (Birim Bazlı)'!$B14,'RD Fine Kinney (Birim Bazlı)'!$R$8:$R$100,'Analiz (Birim Bazlı)'!D$6) -> 0 | E14: =COUNTIFS('RD Fine Kinney (Birim Bazlı)'!$D$8:$D$100,'Analiz (Birim Bazlı)'!$B14,'RD Fine Kinney (Birim Bazlı)'!$R$8:$R$100,'Analiz (Birim Bazlı)'!E$6) -> 0 | F14: =COUNTIFS('RD Fine Kinney (Birim Bazlı)'!$D$8:$D$100,'Analiz (Birim Bazlı)'!$B14,'RD Fine Kinney (Birim Bazlı)'!$R$8:$R$100,'Analiz (Birim Bazlı)'!F$6) -> 0 | G14: =COUNTIFS('RD Fine Kinney (Birim Bazlı)'!$D$8:$D$100,'Analiz (Birim Bazlı)'!$B14,'RD Fine Kinney (Birim Bazlı)'!$R$8:$R$100,'Analiz (Birim Bazlı)'!G$6) -> 0 | H14: =SUM(C14:G14) -> 0 | I14: =COUNTIFS('RD Fine Kinney (Birim Bazlı)'!$D$8:$D$100,'Analiz (Birim Bazlı)'!$B14,'RD Fine Kinney (Birim Bazlı)'!$AC$8:$AC$100,'Analiz (Birim Bazlı)'!I$6) -> 0 | J14: =COUNTIFS('RD Fine Kinney (Birim Bazlı)'!$D$8:$D$100,'Analiz (Birim Bazlı)'!$B14,'RD Fine Kinney (Birim Bazlı)'!$AC$8:$AC$100,'Analiz (Birim Bazlı)'!J$6) -> 0 | K14: =COUNTIFS('RD Fine Kinney (Birim Bazlı)'!$D$8:$D$100,'Analiz (Birim Bazlı)'!$B14,'RD Fine Kinney (Birim Bazlı)'!$AC$8:$AC$100,'Analiz (Birim Bazlı)'!K$6) -> 0 | L14: =COUNTIFS('RD Fine Kinney (Birim Bazlı)'!$D$8:$D$100,'Analiz (Birim Bazlı)'!$B14,'RD Fine Kinney (Birim Bazlı)'!$AC$8:$AC$100,'Analiz (Birim Bazlı)'!L$6) -> 0 | M14: =COUNTIFS('RD Fine Kinney (Birim Bazlı)'!$D$8:$D$100,'Analiz (Birim Bazlı)'!$B14,'RD Fine Kinney (Birim Bazlı)'!$AC$8:$AC$100,'Analiz (Birim Bazlı)'!M$6) -> 0 | N14: =SUM(I14:M14) -> 0
B15: Güvenlik - Psikososyal Risk Etmenleri | C15: =COUNTIFS('RD Fine Kinney (Birim Bazlı)'!$D$8:$D$100,'Analiz (Birim Bazlı)'!$B15,'RD Fine Kinney (Birim Bazlı)'!$R$8:$R$100,'Analiz (Birim Bazlı)'!C$6) -> 0 | D15: =COUNTIFS('RD Fine Kinney (Birim Bazlı)'!$D$8:$D$100,'Analiz (Birim Bazlı)'!$B15,'RD Fine Kinney (Birim Bazlı)'!$R$8:$R$100,'Analiz (Birim Bazlı)'!D$6) -> 0 | E15: =COUNTIFS('RD Fine Kinney (Birim Bazlı)'!$D$8:$D$100,'Analiz (Birim Bazlı)'!$B15,'RD Fine Kinney (Birim Bazlı)'!$R$8:$R$100,'Analiz (Birim Bazlı)'!E$6) -> 0 | F15: =COUNTIFS('RD Fine Kinney (Birim Bazlı)'!$D$8:$D$100,'Analiz (Birim Bazlı)'!$B15,'RD Fine Kinney (Birim Bazlı)'!$R$8:$R$100,'Analiz (Birim Bazlı)'!F$6) -> 0 | G15: =COUNTIFS('RD Fine Kinney (Birim Bazlı)'!$D$8:$D$100,'Analiz (Birim Bazlı)'!$B15,'RD Fine Kinney (Birim Bazlı)'!$R$8:$R$100,'Analiz (Birim Bazlı)'!G$6) -> 0 | H15: =SUM(C15:G15) -> 0 | I15: =COUNTIFS('RD Fine Kinney (Birim Bazlı)'!$D$8:$D$100,'Analiz (Birim Bazlı)'!$B15,'RD Fine Kinney (Birim Bazlı)'!$AC$8:$AC$100,'Analiz (Birim Bazlı)'!I$6) -> 0 | J15: =COUNTIFS('RD Fine Kinney (Birim Bazlı)'!$D$8:$D$100,'Analiz (Birim Bazlı)'!$B15,'RD Fine Kinney (Birim Bazlı)'!$AC$8:$AC$100,'Analiz (Birim Bazlı)'!J$6) -> 0 | K15: =COUNTIFS('RD Fine Kinney (Birim Bazlı)'!$D$8:$D$100,'Analiz (Birim Bazlı)'!$B15,'RD Fine Kinney (Birim Bazlı)'!$AC$8:$AC$100,'Analiz (Birim Bazlı)'!K$6) -> 0 | L15: =COUNTIFS('RD Fine Kinney (Birim Bazlı)'!$D$8:$D$100,'Analiz (Birim Bazlı)'!$B15,'RD Fine Kinney (Birim Bazlı)'!$AC$8:$AC$100,'Analiz (Birim Bazlı)'!L$6) -> 0 | M15: =COUNTIFS('RD Fine Kinney (Birim Bazlı)'!$D$8:$D$100,'Analiz (Birim Bazlı)'!$B15,'RD Fine Kinney (Birim Bazlı)'!$AC$8:$AC$100,'Analiz (Birim Bazlı)'!M$6) -> 0 | N15: =SUM(I15:M15) -> 0
B16: Güvenlik - Ergonomik Risk Etmenler | C16: =COUNTIFS('RD Fine Kinney (Birim Bazlı)'!$D$8:$D$100,'Analiz (Birim Bazlı)'!$B16,'RD Fine Kinney (Birim Bazlı)'!$R$8:$R$100,'Analiz (Birim Bazlı)'!C$6) -> 0 | D16: =COUNTIFS('RD Fine Kinney (Birim Bazlı)'!$D$8:$D$100,'Analiz (Birim Bazlı)'!$B16,'RD Fine Kinney (Birim Bazlı)'!$R$8:$R$100,'Analiz (Birim Bazlı)'!D$6) -> 0 | E16: =COUNTIFS('RD Fine Kinney (Birim Bazlı)'!$D$8:$D$100,'Analiz (Birim Bazlı)'!$B16,'RD Fine Kinney (Birim Bazlı)'!$R$8:$R$100,'Analiz (Birim Bazlı)'!E$6) -> 0 | F16: =COUNTIFS('RD Fine Kinney (Birim Bazlı)'!$D$8:$D$100,'Analiz (Birim Bazlı)'!$B16,'RD Fine Kinney (Birim Bazlı)'!$R$8:$R$100,'Analiz (Birim Bazlı)'!F$6) -> 0 | G16: =COUNTIFS('RD Fine Kinney (Birim Bazlı)'!$D$8:$D$100,'Analiz (Birim Bazlı)'!$B16,'RD Fine Kinney (Birim Bazlı)'!$R$8:$R$100,'Analiz (Birim Bazlı)'!G$6) -> 0 | H16: =SUM(C16:G16) -> 0 | I16: =COUNTIFS('RD Fine Kinney (Birim Bazlı)'!$D$8:$D$100,'Analiz (Birim Bazlı)'!$B16,'RD Fine Kinney (Birim Bazlı)'!$AC$8:$AC$100,'Analiz (Birim Bazlı)'!I$6) -> 0 | J16: =COUNTIFS('RD Fine Kinney (Birim Bazlı)'!$D$8:$D$100,'Analiz (Birim Bazlı)'!$B16,'RD Fine Kinney (Birim Bazlı)'!$AC$8:$AC$100,'Analiz (Birim Bazlı)'!J$6) -> 0 | K16: =COUNTIFS('RD Fine Kinney (Birim Bazlı)'!$D$8:$D$100,'Analiz (Birim Bazlı)'!$B16,'RD Fine Kinney (Birim Bazlı)'!$AC$8:$AC$100,'Analiz (Birim Bazlı)'!K$6) -> 0 | L16: =COUNTIFS('RD Fine Kinney (Birim Bazlı)'!$D$8:$D$100,'Analiz (Birim Bazlı)'!$B16,'RD Fine Kinney (Birim Bazlı)'!$AC$8:$AC$100,'Analiz (Birim Bazlı)'!L$6) -> 0 | M16: =COUNTIFS('RD Fine Kinney (Birim Bazlı)'!$D$8:$D$100,'Analiz (Birim Bazlı)'!$B16,'RD Fine Kinney (Birim Bazlı)'!$AC$8:$AC$100,'Analiz (Birim Bazlı)'!M$6) -> 0 | N16: =SUM(I16:M16) -> 0
B17: Tehlikeli Madde Yönetimi / Kimyasal Risk Etmenleri | C17: =COUNTIFS('RD Fine Kinney (Birim Bazlı)'!$D$8:$D$100,'Analiz (Birim Bazlı)'!$B17,'RD Fine Kinney (Birim Bazlı)'!$R$8:$R$100,'Analiz (Birim Bazlı)'!C$6) -> 0 | D17: =COUNTIFS('RD Fine Kinney (Birim Bazlı)'!$D$8:$D$100,'Analiz (Birim Bazlı)'!$B17,'RD Fine Kinney (Birim Bazlı)'!$R$8:$R$100,'Analiz (Birim Bazlı)'!D$6) -> 0 | E17: =COUNTIFS('RD Fine Kinney (Birim Bazlı)'!$D$8:$D$100,'Analiz (Birim Bazlı)'!$B17,'RD Fine Kinney (Birim Bazlı)'!$R$8:$R$100,'Analiz (Birim Bazlı)'!E$6) -> 0 | F17: =COUNTIFS('RD Fine Kinney (Birim Bazlı)'!$D$8:$D$100,'Analiz (Birim Bazlı)'!$B17,'RD Fine Kinney (Birim Bazlı)'!$R$8:$R$100,'Analiz (Birim Bazlı)'!F$6) -> 0 | G17: =COUNTIFS('RD Fine Kinney (Birim Bazlı)'!$D$8:$D$100,'Analiz (Birim Bazlı)'!$B17,'RD Fine Kinney (Birim Bazlı)'!$R$8:$R$100,'Analiz (Birim Bazlı)'!G$6) -> 0 | H17: =SUM(C17:G17) -> 0 | I17: =COUNTIFS('RD Fine Kinney (Birim Bazlı)'!$D$8:$D$100,'Analiz (Birim Bazlı)'!$B17,'RD Fine Kinney (Birim Bazlı)'!$AC$8:$AC$100,'Analiz (Birim Bazlı)'!I$6) -> 0 | J17: =COUNTIFS('RD Fine Kinney (Birim Bazlı)'!$D$8:$D$100,'Analiz (Birim Bazlı)'!$B17,'RD Fine Kinney (Birim Bazlı)'!$AC$8:$AC$100,'Analiz (Birim Bazlı)'!J$6) -> 0 | K17: =COUNTIFS('RD Fine Kinney (Birim Bazlı)'!$D$8:$D$100,'Analiz (Birim Bazlı)'!$B17,'RD Fine Kinney (Birim Bazlı)'!$AC$8:$AC$100,'Analiz (Birim Bazlı)'!K$6) -> 0 | L17: =COUNTIFS('RD Fine Kinney (Birim Bazlı)'!$D$8:$D$100,'Analiz (Birim Bazlı)'!$B17,'RD Fine Kinney (Birim Bazlı)'!$AC$8:$AC$100,'Analiz (Birim Bazlı)'!L$6) -> 0 | M17: =COUNTIFS('RD Fine Kinney (Birim Bazlı)'!$D$8:$D$100,'Analiz (Birim Bazlı)'!$B17,'RD Fine Kinney (Birim Bazlı)'!$AC$8:$AC$100,'Analiz (Birim Bazlı)'!M$6) -> 0 | N17: =SUM(I17:M17) -> 0
B18: Tesis Güvenliği | C18: =COUNTIFS('RD Fine Kinney (Birim Bazlı)'!$C$8:$C$100,'Analiz (Birim Bazlı)'!$B18,'RD Fine Kinney (Birim Bazlı)'!$R$8:$R$100,'Analiz (Birim Bazlı)'!C$6) -> 0 | D18: =COUNTIFS('RD Fine Kinney (Birim Bazlı)'!$C$8:$C$100,'Analiz (Birim Bazlı)'!$B18,'RD Fine Kinney (Birim Bazlı)'!$R$8:$R$100,'Analiz (Birim Bazlı)'!D$6) -> 0 | E18: =COUNTIFS('RD Fine Kinney (Birim Bazlı)'!$C$8:$C$100,'Analiz (Birim Bazlı)'!$B18,'RD Fine Kinney (Birim Bazlı)'!$R$8:$R$100,'Analiz (Birim Bazlı)'!E$6) -> 0 | F18: =COUNTIFS('RD Fine Kinney (Birim Bazlı)'!$C$8:$C$100,'Analiz (Birim Bazlı)'!$B18,'RD Fine Kinney (Birim Bazlı)'!$R$8:$R$100,'Analiz (Birim Bazlı)'!F$6) -> 0 | G18: =COUNTIFS('RD Fine Kinney (Birim Bazlı)'!$C$8:$C$100,'Analiz (Birim Bazlı)'!$B18,'RD Fine Kinney (Birim Bazlı)'!$R$8:$R$100,'Analiz (Birim Bazlı)'!G$6) -> 0 | H18: =SUM(C18:G18) -> 0 | I18: =COUNTIFS('RD Fine Kinney (Birim Bazlı)'!$C$8:$C$100,'Analiz (Birim Bazlı)'!$B18,'RD Fine Kinney (Birim Bazlı)'!$AC$8:$AC$100,'Analiz (Birim Bazlı)'!I$6) -> 0 | J18: =COUNTIFS('RD Fine Kinney (Birim Bazlı)'!$C$8:$C$100,'Analiz (Birim Bazlı)'!$B18,'RD Fine Kinney (Birim Bazlı)'!$AC$8:$AC$100,'Analiz (Birim Bazlı)'!J$6) -> 0 | K18: =COUNTIFS('RD Fine Kinney (Birim Bazlı)'!$C$8:$C$100,'Analiz (Birim Bazlı)'!$B18,'RD Fine Kinney (Birim Bazlı)'!$AC$8:$AC$100,'Analiz (Birim Bazlı)'!K$6) -> 0 | L18: =COUNTIFS('RD Fine Kinney (Birim Bazlı)'!$C$8:$C$100,'Analiz (Birim Bazlı)'!$B18,'RD Fine Kinney (Birim Bazlı)'!$AC$8:$AC$100,'Analiz (Birim Bazlı)'!L$6) -> 0 | M18: =COUNTIFS('RD Fine Kinney (Birim Bazlı)'!$C$8:$C$100,'Analiz (Birim Bazlı)'!$B18,'RD Fine Kinney (Birim Bazlı)'!$AC$8:$AC$100,'Analiz (Birim Bazlı)'!M$6) -> 0 | N18: =SUM(I18:M18) -> 0
B19: Atık Yönetimi | C19: =COUNTIFS('RD Fine Kinney (Birim Bazlı)'!$D$8:$D$100,'Analiz (Birim Bazlı)'!$B19,'RD Fine Kinney (Birim Bazlı)'!$R$8:$R$100,'Analiz (Birim Bazlı)'!C$6) -> 0 | D19: =COUNTIFS('RD Fine Kinney (Birim Bazlı)'!$D$8:$D$100,'Analiz (Birim Bazlı)'!$B19,'RD Fine Kinney (Birim Bazlı)'!$R$8:$R$100,'Analiz (Birim Bazlı)'!D$6) -> 0 | E19: =COUNTIFS('RD Fine Kinney (Birim Bazlı)'!$D$8:$D$100,'Analiz (Birim Bazlı)'!$B19,'RD Fine Kinney (Birim Bazlı)'!$R$8:$R$100,'Analiz (Birim Bazlı)'!E$6) -> 0 | F19: =COUNTIFS('RD Fine Kinney (Birim Bazlı)'!$D$8:$D$100,'Analiz (Birim Bazlı)'!$B19,'RD Fine Kinney (Birim Bazlı)'!$R$8:$R$100,'Analiz (Birim Bazlı)'!F$6) -> 0 | G19: =COUNTIFS('RD Fine Kinney (Birim Bazlı)'!$D$8:$D$100,'Analiz (Birim Bazlı)'!$B19,'RD Fine Kinney (Birim Bazlı)'!$R$8:$R$100,'Analiz (Birim Bazlı)'!G$6) -> 0 | H19: =SUM(C19:G19) -> 0 | I19: =COUNTIFS('RD Fine Kinney (Birim Bazlı)'!$D$8:$D$100,'Analiz (Birim Bazlı)'!$B19,'RD Fine Kinney (Birim Bazlı)'!$AC$8:$AC$100,'Analiz (Birim Bazlı)'!I$6) -> 0 | J19: =COUNTIFS('RD Fine Kinney (Birim Bazlı)'!$D$8:$D$100,'Analiz (Birim Bazlı)'!$B19,'RD Fine Kinney (Birim Bazlı)'!$AC$8:$AC$100,'Analiz (Birim Bazlı)'!J$6) -> 0 | K19: =COUNTIFS('RD Fine Kinney (Birim Bazlı)'!$D$8:$D$100,'Analiz (Birim Bazlı)'!$B19,'RD Fine Kinney (Birim Bazlı)'!$AC$8:$AC$100,'Analiz (Birim Bazlı)'!K$6) -> 0 | L19: =COUNTIFS('RD Fine Kinney (Birim Bazlı)'!$D$8:$D$100,'Analiz (Birim Bazlı)'!$B19,'RD Fine Kinney (Birim Bazlı)'!$AC$8:$AC$100,'Analiz (Birim Bazlı)'!L$6) -> 0 | M19: =COUNTIFS('RD Fine Kinney (Birim Bazlı)'!$D$8:$D$100,'Analiz (Birim Bazlı)'!$B19,'RD Fine Kinney (Birim Bazlı)'!$AC$8:$AC$100,'Analiz (Birim Bazlı)'!M$6) -> 0 | N19: =SUM(I19:M19) -> 0
B20: Tıbbi Cihaz ve Malzeme Yönetimi | C20: =COUNTIFS('RD Fine Kinney (Birim Bazlı)'!$D$8:$D$100,'Analiz (Birim Bazlı)'!$B20,'RD Fine Kinney (Birim Bazlı)'!$R$8:$R$100,'Analiz (Birim Bazlı)'!C$6) -> 0 | D20: =COUNTIFS('RD Fine Kinney (Birim Bazlı)'!$D$8:$D$100,'Analiz (Birim Bazlı)'!$B20,'RD Fine Kinney (Birim Bazlı)'!$R$8:$R$100,'Analiz (Birim Bazlı)'!D$6) -> 0 | E20: =COUNTIFS('RD Fine Kinney (Birim Bazlı)'!$D$8:$D$100,'Analiz (Birim Bazlı)'!$B20,'RD Fine Kinney (Birim Bazlı)'!$R$8:$R$100,'Analiz (Birim Bazlı)'!E$6) -> 0 | F20: =COUNTIFS('RD Fine Kinney (Birim Bazlı)'!$D$8:$D$100,'Analiz (Birim Bazlı)'!$B20,'RD Fine Kinney (Birim Bazlı)'!$R$8:$R$100,'Analiz (Birim Bazlı)'!F$6) -> 0 | G20: =COUNTIFS('RD Fine Kinney (Birim Bazlı)'!$D$8:$D$100,'Analiz (Birim Bazlı)'!$B20,'RD Fine Kinney (Birim Bazlı)'!$R$8:$R$100,'Analiz (Birim Bazlı)'!G$6) -> 0 | H20: =SUM(C20:G20) -> 0 | I20: =COUNTIFS('RD Fine Kinney (Birim Bazlı)'!$D$8:$D$100,'Analiz (Birim Bazlı)'!$B20,'RD Fine Kinney (Birim Bazlı)'!$AC$8:$AC$100,'Analiz (Birim Bazlı)'!I$6) -> 0 | J20: =COUNTIFS('RD Fine Kinney (Birim Bazlı)'!$D$8:$D$100,'Analiz (Birim Bazlı)'!$B20,'RD Fine Kinney (Birim Bazlı)'!$AC$8:$AC$100,'Analiz (Birim Bazlı)'!J$6) -> 0 | K20: =COUNTIFS('RD Fine Kinney (Birim Bazlı)'!$D$8:$D$100,'Analiz (Birim Bazlı)'!$B20,'RD Fine Kinney (Birim Bazlı)'!$AC$8:$AC$100,'Analiz (Birim Bazlı)'!K$6) -> 0 | L20: =COUNTIFS('RD Fine Kinney (Birim Bazlı)'!$D$8:$D$100,'Analiz (Birim Bazlı)'!$B20,'RD Fine Kinney (Birim Bazlı)'!$AC$8:$AC$100,'Analiz (Birim Bazlı)'!L$6) -> 0 | M20: =COUNTIFS('RD Fine Kinney (Birim Bazlı)'!$D$8:$D$100,'Analiz (Birim Bazlı)'!$B20,'RD Fine Kinney (Birim Bazlı)'!$AC$8:$AC$100,'Analiz (Birim Bazlı)'!M$6) -> 0 | N20: =SUM(I20:M20) -> 0
B21: Diğer Cihaz ve Malzemelerin Yönetimi | C21: =COUNTIFS('RD Fine Kinney (Birim Bazlı)'!$D$8:$D$100,'Analiz (Birim Bazlı)'!$B21,'RD Fine Kinney (Birim Bazlı)'!$R$8:$R$100,'Analiz (Birim Bazlı)'!C$6) -> 0 | D21: =COUNTIFS('RD Fine Kinney (Birim Bazlı)'!$D$8:$D$100,'Analiz (Birim Bazlı)'!$B21,'RD Fine Kinney (Birim Bazlı)'!$R$8:$R$100,'Analiz (Birim Bazlı)'!D$6) -> 0 | E21: =COUNTIFS('RD Fine Kinney (Birim Bazlı)'!$D$8:$D$100,'Analiz (Birim Bazlı)'!$B21,'RD Fine Kinney (Birim Bazlı)'!$R$8:$R$100,'Analiz (Birim Bazlı)'!E$6) -> 0 | F21: =COUNTIFS('RD Fine Kinney (Birim Bazlı)'!$D$8:$D$100,'Analiz (Birim Bazlı)'!$B21,'RD Fine Kinney (Birim Bazlı)'!$R$8:$R$100,'Analiz (Birim Bazlı)'!F$6) -> 0 | G21: =COUNTIFS('RD Fine Kinney (Birim Bazlı)'!$D$8:$D$100,'Analiz (Birim Bazlı)'!$B21,'RD Fine Kinney (Birim Bazlı)'!$R$8:$R$100,'Analiz (Birim Bazlı)'!G$6) -> 0 | H21: =SUM(C21:G21) -> 0 | I21: =COUNTIFS('RD Fine Kinney (Birim Bazlı)'!$D$8:$D$100,'Analiz (Birim Bazlı)'!$B21,'RD Fine Kinney (Birim Bazlı)'!$AC$8:$AC$100,'Analiz (Birim Bazlı)'!I$6) -> 0 | J21: =COUNTIFS('RD Fine Kinney (Birim Bazlı)'!$D$8:$D$100,'Analiz (Birim Bazlı)'!$B21,'RD Fine Kinney (Birim Bazlı)'!$AC$8:$AC$100,'Analiz (Birim Bazlı)'!J$6) -> 0 | K21: =COUNTIFS('RD Fine Kinney (Birim Bazlı)'!$D$8:$D$100,'Analiz (Birim Bazlı)'!$B21,'RD Fine Kinney (Birim Bazlı)'!$AC$8:$AC$100,'Analiz (Birim Bazlı)'!K$6) -> 0 | L21: =COUNTIFS('RD Fine Kinney (Birim Bazlı)'!$D$8:$D$100,'Analiz (Birim Bazlı)'!$B21,'RD Fine Kinney (Birim Bazlı)'!$AC$8:$AC$100,'Analiz (Birim Bazlı)'!L$6) -> 0 | M21: =COUNTIFS('RD Fine Kinney (Birim Bazlı)'!$D$8:$D$100,'Analiz (Birim Bazlı)'!$B21,'RD Fine Kinney (Birim Bazlı)'!$AC$8:$AC$100,'Analiz (Birim Bazlı)'!M$6) -> 0 | N21: =SUM(I21:M21) -> 0
B22: Yangın Güvenliği | C22: =COUNTIFS('RD Fine Kinney (Birim Bazlı)'!$D$8:$D$100,'Analiz (Birim Bazlı)'!$B22,'RD Fine Kinney (Birim Bazlı)'!$R$8:$R$100,'Analiz (Birim Bazlı)'!C$6) -> 0 | D22: =COUNTIFS('RD Fine Kinney (Birim Bazlı)'!$D$8:$D$100,'Analiz (Birim Bazlı)'!$B22,'RD Fine Kinney (Birim Bazlı)'!$R$8:$R$100,'Analiz (Birim Bazlı)'!D$6) -> 0 | E22: =COUNTIFS('RD Fine Kinney (Birim Bazlı)'!$D$8:$D$100,'Analiz (Birim Bazlı)'!$B22,'RD Fine Kinney (Birim Bazlı)'!$R$8:$R$100,'Analiz (Birim Bazlı)'!E$6) -> 0 | F22: =COUNTIFS('RD Fine Kinney (Birim Bazlı)'!$D$8:$D$100,'Analiz (Birim Bazlı)'!$B22,'RD Fine Kinney (Birim Bazlı)'!$R$8:$R$100,'Analiz (Birim Bazlı)'!F$6) -> 0 | G22: =COUNTIFS('RD Fine Kinney (Birim Bazlı)'!$D$8:$D$100,'Analiz (Birim Bazlı)'!$B22,'RD Fine Kinney (Birim Bazlı)'!$R$8:$R$100,'Analiz (Birim Bazlı)'!G$6) -> 0 | H22: =SUM(C22:G22) -> 0 | I22: =COUNTIFS('RD Fine Kinney (Birim Bazlı)'!$D$8:$D$100,'Analiz (Birim Bazlı)'!$B22,'RD Fine Kinney (Birim Bazlı)'!$AC$8:$AC$100,'Analiz (Birim Bazlı)'!I$6) -> 0 | J22: =COUNTIFS('RD Fine Kinney (Birim Bazlı)'!$D$8:$D$100,'Analiz (Birim Bazlı)'!$B22,'RD Fine Kinney (Birim Bazlı)'!$AC$8:$AC$100,'Analiz (Birim Bazlı)'!J$6) -> 0 | K22: =COUNTIFS('RD Fine Kinney (Birim Bazlı)'!$D$8:$D$100,'Analiz (Birim Bazlı)'!$B22,'RD Fine Kinney (Birim Bazlı)'!$AC$8:$AC$100,'Analiz (Birim Bazlı)'!K$6) -> 0 | L22: =COUNTIFS('RD Fine Kinney (Birim Bazlı)'!$D$8:$D$100,'Analiz (Birim Bazlı)'!$B22,'RD Fine Kinney (Birim Bazlı)'!$AC$8:$AC$100,'Analiz (Birim Bazlı)'!L$6) -> 0 | M22: =COUNTIFS('RD Fine Kinney (Birim Bazlı)'!$D$8:$D$100,'Analiz (Birim Bazlı)'!$B22,'RD Fine Kinney (Birim Bazlı)'!$AC$8:$AC$100,'Analiz (Birim Bazlı)'!M$6) -> 0 | N22: =SUM(I22:M22) -> 0
B23: Altyapı Sistemleri | C23: =COUNTIFS('RD Fine Kinney (Birim Bazlı)'!$D$8:$D$100,'Analiz (Birim Bazlı)'!$B23,'RD Fine Kinney (Birim Bazlı)'!$R$8:$R$100,'Analiz (Birim Bazlı)'!C$6) -> 0 | D23: =COUNTIFS('RD Fine Kinney (Birim Bazlı)'!$D$8:$D$100,'Analiz (Birim Bazlı)'!$B23,'RD Fine Kinney (Birim Bazlı)'!$R$8:$R$100,'Analiz (Birim Bazlı)'!D$6) -> 0 | E23: =COUNTIFS('RD Fine Kinney (Birim Bazlı)'!$D$8:$D$100,'Analiz (Birim Bazlı)'!$B23,'RD Fine Kinney (Birim Bazlı)'!$R$8:$R$100,'Analiz (Birim Bazlı)'!E$6) -> 0 | F23: =COUNTIFS('RD Fine Kinney (Birim Bazlı)'!$D$8:$D$100,'Analiz (Birim Bazlı)'!$B23,'RD Fine Kinney (Birim Bazlı)'!$R$8:$R$100,'Analiz (Birim Bazlı)'!F$6) -> 0 | G23: =COUNTIFS('RD Fine Kinney (Birim Bazlı)'!$D$8:$D$100,'Analiz (Birim Bazlı)'!$B23,'RD Fine Kinney (Birim Bazlı)'!$R$8:$R$100,'Analiz (Birim Bazlı)'!G$6) -> 0 | H23: =SUM(C23:G23) -> 0 | I23: =COUNTIFS('RD Fine Kinney (Birim Bazlı)'!$D$8:$D$100,'Analiz (Birim Bazlı)'!$B23,'RD Fine Kinney (Birim Bazlı)'!$AC$8:$AC$100,'Analiz (Birim Bazlı)'!I$6) -> 0 | J23: =COUNTIFS('RD Fine Kinney (Birim Bazlı)'!$D$8:$D$100,'Analiz (Birim Bazlı)'!$B23,'RD Fine Kinney (Birim Bazlı)'!$AC$8:$AC$100,'Analiz (Birim Bazlı)'!J$6) -> 0 | K23: =COUNTIFS('RD Fine Kinney (Birim Bazlı)'!$D$8:$D$100,'Analiz (Birim Bazlı)'!$B23,'RD Fine Kinney (Birim Bazlı)'!$AC$8:$AC$100,'Analiz (Birim Bazlı)'!K$6) -> 0 | L23: =COUNTIFS('RD Fine Kinney (Birim Bazlı)'!$D$8:$D$100,'Analiz (Birim Bazlı)'!$B23,'RD Fine Kinney (Birim Bazlı)'!$AC$8:$AC$100,'Analiz (Birim Bazlı)'!L$6) -> 0 | M23: =COUNTIFS('RD Fine Kinney (Birim Bazlı)'!$D$8:$D$100,'Analiz (Birim Bazlı)'!$B23,'RD Fine Kinney (Birim Bazlı)'!$AC$8:$AC$100,'Analiz (Birim Bazlı)'!M$6) -> 0 | N23: =SUM(I23:M23) -> 0
B24: İnşaat ve Renovasyon | C24: =COUNTIFS('RD Fine Kinney (Birim Bazlı)'!$D$8:$D$100,'Analiz (Birim Bazlı)'!$B24,'RD Fine Kinney (Birim Bazlı)'!$R$8:$R$100,'Analiz (Birim Bazlı)'!C$6) -> 0 | D24: =COUNTIFS('RD Fine Kinney (Birim Bazlı)'!$D$8:$D$100,'Analiz (Birim Bazlı)'!$B24,'RD Fine Kinney (Birim Bazlı)'!$R$8:$R$100,'Analiz (Birim Bazlı)'!D$6) -> 0 | E24: =COUNTIFS('RD Fine Kinney (Birim Bazlı)'!$D$8:$D$100,'Analiz (Birim Bazlı)'!$B24,'RD Fine Kinney (Birim Bazlı)'!$R$8:$R$100,'Analiz (Birim Bazlı)'!E$6) -> 0 | F24: =COUNTIFS('RD Fine Kinney (Birim Bazlı)'!$D$8:$D$100,'Analiz (Birim Bazlı)'!$B24,'RD Fine Kinney (Birim Bazlı)'!$R$8:$R$100,'Analiz (Birim Bazlı)'!F$6) -> 0 | G24: =COUNTIFS('RD Fine Kinney (Birim Bazlı)'!$D$8:$D$100,'Analiz (Birim Bazlı)'!$B24,'RD Fine Kinney (Birim Bazlı)'!$R$8:$R$100,'Analiz (Birim Bazlı)'!G$6) -> 0 | H24: =SUM(C24:G24) -> 0 | I24: =COUNTIFS('RD Fine Kinney (Birim Bazlı)'!$D$8:$D$100,'Analiz (Birim Bazlı)'!$B24,'RD Fine Kinney (Birim Bazlı)'!$AC$8:$AC$100,'Analiz (Birim Bazlı)'!I$6) -> 0 | J24: =COUNTIFS('RD Fine Kinney (Birim Bazlı)'!$D$8:$D$100,'Analiz (Birim Bazlı)'!$B24,'RD Fine Kinney (Birim Bazlı)'!$AC$8:$AC$100,'Analiz (Birim Bazlı)'!J$6) -> 0 | K24: =COUNTIFS('RD Fine Kinney (Birim Bazlı)'!$D$8:$D$100,'Analiz (Birim Bazlı)'!$B24,'RD Fine Kinney (Birim Bazlı)'!$AC$8:$AC$100,'Analiz (Birim Bazlı)'!K$6) -> 0 | L24: =COUNTIFS('RD Fine Kinney (Birim Bazlı)'!$D$8:$D$100,'Analiz (Birim Bazlı)'!$B24,'RD Fine Kinney (Birim Bazlı)'!$AC$8:$AC$100,'Analiz (Birim Bazlı)'!L$6) -> 0 | M24: =COUNTIFS('RD Fine Kinney (Birim Bazlı)'!$D$8:$D$100,'Analiz (Birim Bazlı)'!$B24,'RD Fine Kinney (Birim Bazlı)'!$AC$8:$AC$100,'Analiz (Birim Bazlı)'!M$6) -> 0 | N24: =SUM(I24:M24) -> 0
B25: Acil Durum ve Afet Yönetimi | C25: =COUNTIFS('RD Fine Kinney (Birim Bazlı)'!$D$8:$D$100,'Analiz (Birim Bazlı)'!$B25,'RD Fine Kinney (Birim Bazlı)'!$R$8:$R$100,'Analiz (Birim Bazlı)'!C$6) -> 0 | D25: =COUNTIFS('RD Fine Kinney (Birim Bazlı)'!$D$8:$D$100,'Analiz (Birim Bazlı)'!$B25,'RD Fine Kinney (Birim Bazlı)'!$R$8:$R$100,'Analiz (Birim Bazlı)'!D$6) -> 0 | E25: =COUNTIFS('RD Fine Kinney (Birim Bazlı)'!$D$8:$D$100,'Analiz (Birim Bazlı)'!$B25,'RD Fine Kinney (Birim Bazlı)'!$R$8:$R$100,'Analiz (Birim Bazlı)'!E$6) -> 0 | F25: =COUNTIFS('RD Fine Kinney (Birim Bazlı)'!$D$8:$D$100,'Analiz (Birim Bazlı)'!$B25,'RD Fine Kinney (Birim Bazlı)'!$R$8:$R$100,'Analiz (Birim Bazlı)'!F$6) -> 0 | G25: =COUNTIFS('RD Fine Kinney (Birim Bazlı)'!$D$8:$D$100,'Analiz (Birim Bazlı)'!$B25,'RD Fine Kinney (Birim Bazlı)'!$R$8:$R$100,'Analiz (Birim Bazlı)'!G$6) -> 0 | H25: =SUM(C25:G25) -> 0 | I25: =COUNTIFS('RD Fine Kinney (Birim Bazlı)'!$D$8:$D$100,'Analiz (Birim Bazlı)'!$B25,'RD Fine Kinney (Birim Bazlı)'!$AC$8:$AC$100,'Analiz (Birim Bazlı)'!I$6) -> 0 | J25: =COUNTIFS('RD Fine Kinney (Birim Bazlı)'!$D$8:$D$100,'Analiz (Birim Bazlı)'!$B25,'RD Fine Kinney (Birim Bazlı)'!$AC$8:$AC$100,'Analiz (Birim Bazlı)'!J$6) -> 0 | K25: =COUNTIFS('RD Fine Kinney (Birim Bazlı)'!$D$8:$D$100,'Analiz (Birim Bazlı)'!$B25,'RD Fine Kinney (Birim Bazlı)'!$AC$8:$AC$100,'Analiz (Birim Bazlı)'!K$6) -> 0 | L25: =COUNTIFS('RD Fine Kinney (Birim Bazlı)'!$D$8:$D$100,'Analiz (Birim Bazlı)'!$B25,'RD Fine Kinney (Birim Bazlı)'!$AC$8:$AC$100,'Analiz (Birim Bazlı)'!L$6) -> 0 | M25: =COUNTIFS('RD Fine Kinney (Birim Bazlı)'!$D$8:$D$100,'Analiz (Birim Bazlı)'!$B25,'RD Fine Kinney (Birim Bazlı)'!$AC$8:$AC$100,'Analiz (Birim Bazlı)'!M$6) -> 0 | N25: =SUM(I25:M25) -> 0
B26: Emniyet | C26: =COUNTIFS('RD Fine Kinney (Birim Bazlı)'!$D$8:$D$100,'Analiz (Birim Bazlı)'!$B26,'RD Fine Kinney (Birim Bazlı)'!$R$8:$R$100,'Analiz (Birim Bazlı)'!C$6) -> 0 | D26: =COUNTIFS('RD Fine Kinney (Birim Bazlı)'!$D$8:$D$100,'Analiz (Birim Bazlı)'!$B26,'RD Fine Kinney (Birim Bazlı)'!$R$8:$R$100,'Analiz (Birim Bazlı)'!D$6) -> 0 | E26: =COUNTIFS('RD Fine Kinney (Birim Bazlı)'!$D$8:$D$100,'Analiz (Birim Bazlı)'!$B26,'RD Fine Kinney (Birim Bazlı)'!$R$8:$R$100,'Analiz (Birim Bazlı)'!E$6) -> 0 | F26: =COUNTIFS('RD Fine Kinney (Birim Bazlı)'!$D$8:$D$100,'Analiz (Birim Bazlı)'!$B26,'RD Fine Kinney (Birim Bazlı)'!$R$8:$R$100,'Analiz (Birim Bazlı)'!F$6) -> 0 | G26: =COUNTIFS('RD Fine Kinney (Birim Bazlı)'!$D$8:$D$100,'Analiz (Birim Bazlı)'!$B26,'RD Fine Kinney (Birim Bazlı)'!$R$8:$R$100,'Analiz (Birim Bazlı)'!G$6) -> 0 | H26: =SUM(C26:G26) -> 0 | I26: =COUNTIFS('RD Fine Kinney (Birim Bazlı)'!$D$8:$D$100,'Analiz (Birim Bazlı)'!$B26,'RD Fine Kinney (Birim Bazlı)'!$AC$8:$AC$100,'Analiz (Birim Bazlı)'!I$6) -> 0 | J26: =COUNTIFS('RD Fine Kinney (Birim Bazlı)'!$D$8:$D$100,'Analiz (Birim Bazlı)'!$B26,'RD Fine Kinney (Birim Bazlı)'!$AC$8:$AC$100,'Analiz (Birim Bazlı)'!J$6) -> 0 | K26: =COUNTIFS('RD Fine Kinney (Birim Bazlı)'!$D$8:$D$100,'Analiz (Birim Bazlı)'!$B26,'RD Fine Kinney (Birim Bazlı)'!$AC$8:$AC$100,'Analiz (Birim Bazlı)'!K$6) -> 0 | L26: =COUNTIFS('RD Fine Kinney (Birim Bazlı)'!$D$8:$D$100,'Analiz (Birim Bazlı)'!$B26,'RD Fine Kinney (Birim Bazlı)'!$AC$8:$AC$100,'Analiz (Birim Bazlı)'!L$6) -> 0 | M26: =COUNTIFS('RD Fine Kinney (Birim Bazlı)'!$D$8:$D$100,'Analiz (Birim Bazlı)'!$B26,'RD Fine Kinney (Birim Bazlı)'!$AC$8:$AC$100,'Analiz (Birim Bazlı)'!M$6) -> 0 | N26: =SUM(I26:M26) -> 0
B27: Tıbbi Hizmetler | C27: =COUNTIFS('RD Fine Kinney (Birim Bazlı)'!$C$8:$C$100,'Analiz (Birim Bazlı)'!$B27,'RD Fine Kinney (Birim Bazlı)'!$R$8:$R$100,'Analiz (Birim Bazlı)'!C$6) -> 0 | D27: =COUNTIFS('RD Fine Kinney (Birim Bazlı)'!$C$8:$C$100,'Analiz (Birim Bazlı)'!$B27,'RD Fine Kinney (Birim Bazlı)'!$R$8:$R$100,'Analiz (Birim Bazlı)'!D$6) -> 0 | E27: =COUNTIFS('RD Fine Kinney (Birim Bazlı)'!$C$8:$C$100,'Analiz (Birim Bazlı)'!$B27,'RD Fine Kinney (Birim Bazlı)'!$R$8:$R$100,'Analiz (Birim Bazlı)'!E$6) -> 0 | F27: =COUNTIFS('RD Fine Kinney (Birim Bazlı)'!$C$8:$C$100,'Analiz (Birim Bazlı)'!$B27,'RD Fine Kinney (Birim Bazlı)'!$R$8:$R$100,'Analiz (Birim Bazlı)'!F$6) -> 0 | G27: =COUNTIFS('RD Fine Kinney (Birim Bazlı)'!$C$8:$C$100,'Analiz (Birim Bazlı)'!$B27,'RD Fine Kinney (Birim Bazlı)'!$R$8:$R$100,'Analiz (Birim Bazlı)'!G$6) -> 0 | H27: =SUM(C27:G27) -> 0 | I27: =COUNTIFS('RD Fine Kinney (Birim Bazlı)'!$C$8:$C$100,'Analiz (Birim Bazlı)'!$B27,'RD Fine Kinney (Birim Bazlı)'!$AC$8:$AC$100,'Analiz (Birim Bazlı)'!I$6) -> 0 | J27: =COUNTIFS('RD Fine Kinney (Birim Bazlı)'!$C$8:$C$100,'Analiz (Birim Bazlı)'!$B27,'RD Fine Kinney (Birim Bazlı)'!$AC$8:$AC$100,'Analiz (Birim Bazlı)'!J$6) -> 0 | K27: =COUNTIFS('RD Fine Kinney (Birim Bazlı)'!$C$8:$C$100,'Analiz (Birim Bazlı)'!$B27,'RD Fine Kinney (Birim Bazlı)'!$AC$8:$AC$100,'Analiz (Birim Bazlı)'!K$6) -> 0 | L27: =COUNTIFS('RD Fine Kinney (Birim Bazlı)'!$C$8:$C$100,'Analiz (Birim Bazlı)'!$B27,'RD Fine Kinney (Birim Bazlı)'!$AC$8:$AC$100,'Analiz (Birim Bazlı)'!L$6) -> 0 | M27: =COUNTIFS('RD Fine Kinney (Birim Bazlı)'!$C$8:$C$100,'Analiz (Birim Bazlı)'!$B27,'RD Fine Kinney (Birim Bazlı)'!$AC$8:$AC$100,'Analiz (Birim Bazlı)'!M$6) -> 0 | N27: =SUM(I27:M27) -> 0
B28: Hizmete erişim ile ilgili riskler | C28: =COUNTIFS('RD Fine Kinney (Birim Bazlı)'!$D$8:$D$100,'Analiz (Birim Bazlı)'!$B28,'RD Fine Kinney (Birim Bazlı)'!$R$8:$R$100,'Analiz (Birim Bazlı)'!C$6) -> 0 | D28: =COUNTIFS('RD Fine Kinney (Birim Bazlı)'!$D$8:$D$100,'Analiz (Birim Bazlı)'!$B28,'RD Fine Kinney (Birim Bazlı)'!$R$8:$R$100,'Analiz (Birim Bazlı)'!D$6) -> 0 | E28: =COUNTIFS('RD Fine Kinney (Birim Bazlı)'!$D$8:$D$100,'Analiz (Birim Bazlı)'!$B28,'RD Fine Kinney (Birim Bazlı)'!$R$8:$R$100,'Analiz (Birim Bazlı)'!E$6) -> 0 | F28: =COUNTIFS('RD Fine Kinney (Birim Bazlı)'!$D$8:$D$100,'Analiz (Birim Bazlı)'!$B28,'RD Fine Kinney (Birim Bazlı)'!$R$8:$R$100,'Analiz (Birim Bazlı)'!F$6) -> 0 | G28: =COUNTIFS('RD Fine Kinney (Birim Bazlı)'!$D$8:$D$100,'Analiz (Birim Bazlı)'!$B28,'RD Fine Kinney (Birim Bazlı)'!$R$8:$R$100,'Analiz (Birim Bazlı)'!G$6) -> 0 | H28: =SUM(C28:G28) -> 0 | I28: =COUNTIFS('RD Fine Kinney (Birim Bazlı)'!$D$8:$D$100,'Analiz (Birim Bazlı)'!$B28,'RD Fine Kinney (Birim Bazlı)'!$AC$8:$AC$100,'Analiz (Birim Bazlı)'!I$6) -> 0 | J28: =COUNTIFS('RD Fine Kinney (Birim Bazlı)'!$D$8:$D$100,'Analiz (Birim Bazlı)'!$B28,'RD Fine Kinney (Birim Bazlı)'!$AC$8:$AC$100,'Analiz (Birim Bazlı)'!J$6) -> 0 | K28: =COUNTIFS('RD Fine Kinney (Birim Bazlı)'!$D$8:$D$100,'Analiz (Birim Bazlı)'!$B28,'RD Fine Kinney (Birim Bazlı)'!$AC$8:$AC$100,'Analiz (Birim Bazlı)'!K$6) -> 0 | L28: =COUNTIFS('RD Fine Kinney (Birim Bazlı)'!$D$8:$D$100,'Analiz (Birim Bazlı)'!$B28,'RD Fine Kinney (Birim Bazlı)'!$AC$8:$AC$100,'Analiz (Birim Bazlı)'!L$6) -> 0 | M28: =COUNTIFS('RD Fine Kinney (Birim Bazlı)'!$D$8:$D$100,'Analiz (Birim Bazlı)'!$B28,'RD Fine Kinney (Birim Bazlı)'!$AC$8:$AC$100,'Analiz (Birim Bazlı)'!M$6) -> 0 | N28: =SUM(I28:M28) -> 0
B29: Hasta kabul süreci ile ilgili riskler | C29: =COUNTIFS('RD Fine Kinney (Birim Bazlı)'!$D$8:$D$100,'Analiz (Birim Bazlı)'!$B29,'RD Fine Kinney (Birim Bazlı)'!$R$8:$R$100,'Analiz (Birim Bazlı)'!C$6) -> 0 | D29: =COUNTIFS('RD Fine Kinney (Birim Bazlı)'!$D$8:$D$100,'Analiz (Birim Bazlı)'!$B29,'RD Fine Kinney (Birim Bazlı)'!$R$8:$R$100,'Analiz (Birim Bazlı)'!D$6) -> 0 | E29: =COUNTIFS('RD Fine Kinney (Birim Bazlı)'!$D$8:$D$100,'Analiz (Birim Bazlı)'!$B29,'RD Fine Kinney (Birim Bazlı)'!$R$8:$R$100,'Analiz (Birim Bazlı)'!E$6) -> 0 | F29: =COUNTIFS('RD Fine Kinney (Birim Bazlı)'!$D$8:$D$100,'Analiz (Birim Bazlı)'!$B29,'RD Fine Kinney (Birim Bazlı)'!$R$8:$R$100,'Analiz (Birim Bazlı)'!F$6) -> 0 | G29: =COUNTIFS('RD Fine Kinney (Birim Bazlı)'!$D$8:$D$100,'Analiz (Birim Bazlı)'!$B29,'RD Fine Kinney (Birim Bazlı)'!$R$8:$R$100,'Analiz (Birim Bazlı)'!G$6) -> 0 | H29: =SUM(C29:G29) -> 0 | I29: =COUNTIFS('RD Fine Kinney (Birim Bazlı)'!$D$8:$D$100,'Analiz (Birim Bazlı)'!$B29,'RD Fine Kinney (Birim Bazlı)'!$AC$8:$AC$100,'Analiz (Birim Bazlı)'!I$6) -> 0 | J29: =COUNTIFS('RD Fine Kinney (Birim Bazlı)'!$D$8:$D$100,'Analiz (Birim Bazlı)'!$B29,'RD Fine Kinney (Birim Bazlı)'!$AC$8:$AC$100,'Analiz (Birim Bazlı)'!J$6) -> 0 | K29: =COUNTIFS('RD Fine Kinney (Birim Bazlı)'!$D$8:$D$100,'Analiz (Birim Bazlı)'!$B29,'RD Fine Kinney (Birim Bazlı)'!$AC$8:$AC$100,'Analiz (Birim Bazlı)'!K$6) -> 0 | L29: =COUNTIFS('RD Fine Kinney (Birim Bazlı)'!$D$8:$D$100,'Analiz (Birim Bazlı)'!$B29,'RD Fine Kinney (Birim Bazlı)'!$AC$8:$AC$100,'Analiz (Birim Bazlı)'!L$6) -> 0 | M29: =COUNTIFS('RD Fine Kinney (Birim Bazlı)'!$D$8:$D$100,'Analiz (Birim Bazlı)'!$B29,'RD Fine Kinney (Birim Bazlı)'!$AC$8:$AC$100,'Analiz (Birim Bazlı)'!M$6) -> 0 | N29: =SUM(I29:M29) -> 0
B30: Tanı süreci ile ilgili riskler | C30: =COUNTIFS('RD Fine Kinney (Birim Bazlı)'!$D$8:$D$100,'Analiz (Birim Bazlı)'!$B30,'RD Fine Kinney (Birim Bazlı)'!$R$8:$R$100,'Analiz (Birim Bazlı)'!C$6) -> 0 | D30: =COUNTIFS('RD Fine Kinney (Birim Bazlı)'!$D$8:$D$100,'Analiz (Birim Bazlı)'!$B30,'RD Fine Kinney (Birim Bazlı)'!$R$8:$R$100,'Analiz (Birim Bazlı)'!D$6) -> 0 | E30: =COUNTIFS('RD Fine Kinney (Birim Bazlı)'!$D$8:$D$100,'Analiz (Birim Bazlı)'!$B30,'RD Fine Kinney (Birim Bazlı)'!$R$8:$R$100,'Analiz (Birim Bazlı)'!E$6) -> 0 | F30: =COUNTIFS('RD Fine Kinney (Birim Bazlı)'!$D$8:$D$100,'Analiz (Birim Bazlı)'!$B30,'RD Fine Kinney (Birim Bazlı)'!$R$8:$R$100,'Analiz (Birim Bazlı)'!F$6) -> 0 | G30: =COUNTIFS('RD Fine Kinney (Birim Bazlı)'!$D$8:$D$100,'Analiz (Birim Bazlı)'!$B30,'RD Fine Kinney (Birim Bazlı)'!$R$8:$R$100,'Analiz (Birim Bazlı)'!G$6) -> 0 | H30: =SUM(C30:G30) -> 0 | I30: =COUNTIFS('RD Fine Kinney (Birim Bazlı)'!$D$8:$D$100,'Analiz (Birim Bazlı)'!$B30,'RD Fine Kinney (Birim Bazlı)'!$AC$8:$AC$100,'Analiz (Birim Bazlı)'!I$6) -> 0 | J30: =COUNTIFS('RD Fine Kinney (Birim Bazlı)'!$D$8:$D$100,'Analiz (Birim Bazlı)'!$B30,'RD Fine Kinney (Birim Bazlı)'!$AC$8:$AC$100,'Analiz (Birim Bazlı)'!J$6) -> 0 | K30: =COUNTIFS('RD Fine Kinney (Birim Bazlı)'!$D$8:$D$100,'Analiz (Birim Bazlı)'!$B30,'RD Fine Kinney (Birim Bazlı)'!$AC$8:$AC$100,'Analiz (Birim Bazlı)'!K$6) -> 0 | L30: =COUNTIFS('RD Fine Kinney (Birim Bazlı)'!$D$8:$D$100,'Analiz (Birim Bazlı)'!$B30,'RD Fine Kinney (Birim Bazlı)'!$AC$8:$AC$100,'Analiz (Birim Bazlı)'!L$6) -> 0 | M30: =COUNTIFS('RD Fine Kinney (Birim Bazlı)'!$D$8:$D$100,'Analiz (Birim Bazlı)'!$B30,'RD Fine Kinney (Birim Bazlı)'!$AC$8:$AC$100,'Analiz (Birim Bazlı)'!M$6) -> 0 | N30: =SUM(I30:M30) -> 0
B31: Tedavi ve rehabilitasyon süreci ile ilgili riskler | C31: =COUNTIFS('RD Fine Kinney (Birim Bazlı)'!$D$8:$D$100,'Analiz (Birim Bazlı)'!$B31,'RD Fine Kinney (Birim Bazlı)'!$R$8:$R$100,'Analiz (Birim Bazlı)'!C$6) -> 0 | D31: =COUNTIFS('RD Fine Kinney (Birim Bazlı)'!$D$8:$D$100,'Analiz (Birim Bazlı)'!$B31,'RD Fine Kinney (Birim Bazlı)'!$R$8:$R$100,'Analiz (Birim Bazlı)'!D$6) -> 0 | E31: =COUNTIFS('RD Fine Kinney (Birim Bazlı)'!$D$8:$D$100,'Analiz (Birim Bazlı)'!$B31,'RD Fine Kinney (Birim Bazlı)'!$R$8:$R$100,'Analiz (Birim Bazlı)'!E$6) -> 0 | F31: =COUNTIFS('RD Fine Kinney (Birim Bazlı)'!$D$8:$D$100,'Analiz (Birim Bazlı)'!$B31,'RD Fine Kinney (Birim Bazlı)'!$R$8:$R$100,'Analiz (Birim Bazlı)'!F$6) -> 0 | G31: =COUNTIFS('RD Fine Kinney (Birim Bazlı)'!$D$8:$D$100,'Analiz (Birim Bazlı)'!$B31,'RD Fine Kinney (Birim Bazlı)'!$R$8:$R$100,'Analiz (Birim Bazlı)'!G$6) -> 0 | H31: =SUM(C31:G31) -> 0 | I31: =COUNTIFS('RD Fine Kinney (Birim Bazlı)'!$D$8:$D$100,'Analiz (Birim Bazlı)'!$B31,'RD Fine Kinney (Birim Bazlı)'!$AC$8:$AC$100,'Analiz (Birim Bazlı)'!I$6) -> 0 | J31: =COUNTIFS('RD Fine Kinney (Birim Bazlı)'!$D$8:$D$100,'Analiz (Birim Bazlı)'!$B31,'RD Fine Kinney (Birim Bazlı)'!$AC$8:$AC$100,'Analiz (Birim Bazlı)'!J$6) -> 0 | K31: =COUNTIFS('RD Fine Kinney (Birim Bazlı)'!$D$8:$D$100,'Analiz (Birim Bazlı)'!$B31,'RD Fine Kinney (Birim Bazlı)'!$AC$8:$AC$100,'Analiz (Birim Bazlı)'!K$6) -> 0 | L31: =COUNTIFS('RD Fine Kinney (Birim Bazlı)'!$D$8:$D$100,'Analiz (Birim Bazlı)'!$B31,'RD Fine Kinney (Birim Bazlı)'!$AC$8:$AC$100,'Analiz (Birim Bazlı)'!L$6) -> 0 | M31: =COUNTIFS('RD Fine Kinney (Birim Bazlı)'!$D$8:$D$100,'Analiz (Birim Bazlı)'!$B31,'RD Fine Kinney (Birim Bazlı)'!$AC$8:$AC$100,'Analiz (Birim Bazlı)'!M$6) -> 0 | N31: =SUM(I31:M31) -> 0
B32: Takip ve taburculuk süreci ile ilgili riskler | C32: =COUNTIFS('RD Fine Kinney (Birim Bazlı)'!$D$8:$D$100,'Analiz (Birim Bazlı)'!$B32,'RD Fine Kinney (Birim Bazlı)'!$R$8:$R$100,'Analiz (Birim Bazlı)'!C$6) -> 0 | D32: =COUNTIFS('RD Fine Kinney (Birim Bazlı)'!$D$8:$D$100,'Analiz (Birim Bazlı)'!$B32,'RD Fine Kinney (Birim Bazlı)'!$R$8:$R$100,'Analiz (Birim Bazlı)'!D$6) -> 0 | E32: =COUNTIFS('RD Fine Kinney (Birim Bazlı)'!$D$8:$D$100,'Analiz (Birim Bazlı)'!$B32,'RD Fine Kinney (Birim Bazlı)'!$R$8:$R$100,'Analiz (Birim Bazlı)'!E$6) -> 0 | F32: =COUNTIFS('RD Fine Kinney (Birim Bazlı)'!$D$8:$D$100,'Analiz (Birim Bazlı)'!$B32,'RD Fine Kinney (Birim Bazlı)'!$R$8:$R$100,'Analiz (Birim Bazlı)'!F$6) -> 0 | G32: =COUNTIFS('RD Fine Kinney (Birim Bazlı)'!$D$8:$D$100,'Analiz (Birim Bazlı)'!$B32,'RD Fine Kinney (Birim Bazlı)'!$R$8:$R$100,'Analiz (Birim Bazlı)'!G$6) -> 0 | H32: =SUM(C32:G32) -> 0 | I32: =COUNTIFS('RD Fine Kinney (Birim Bazlı)'!$D$8:$D$100,'Analiz (Birim Bazlı)'!$B32,'RD Fine Kinney (Birim Bazlı)'!$AC$8:$AC$100,'Analiz (Birim Bazlı)'!I$6) -> 0 | J32: =COUNTIFS('RD Fine Kinney (Birim Bazlı)'!$D$8:$D$100,'Analiz (Birim Bazlı)'!$B32,'RD Fine Kinney (Birim Bazlı)'!$AC$8:$AC$100,'Analiz (Birim Bazlı)'!J$6) -> 0 | K32: =COUNTIFS('RD Fine Kinney (Birim Bazlı)'!$D$8:$D$100,'Analiz (Birim Bazlı)'!$B32,'RD Fine Kinney (Birim Bazlı)'!$AC$8:$AC$100,'Analiz (Birim Bazlı)'!K$6) -> 0 | L32: =COUNTIFS('RD Fine Kinney (Birim Bazlı)'!$D$8:$D$100,'Analiz (Birim Bazlı)'!$B32,'RD Fine Kinney (Birim Bazlı)'!$AC$8:$AC$100,'Analiz (Birim Bazlı)'!L$6) -> 0 | M32: =COUNTIFS('RD Fine Kinney (Birim Bazlı)'!$D$8:$D$100,'Analiz (Birim Bazlı)'!$B32,'RD Fine Kinney (Birim Bazlı)'!$AC$8:$AC$100,'Analiz (Birim Bazlı)'!M$6) -> 0 | N32: =SUM(I32:M32) -> 0
B33: Tıbbi kayıt ve arşiv süreci ile ilgili riskler | C33: =COUNTIFS('RD Fine Kinney (Birim Bazlı)'!$D$8:$D$100,'Analiz (Birim Bazlı)'!$B33,'RD Fine Kinney (Birim Bazlı)'!$R$8:$R$100,'Analiz (Birim Bazlı)'!C$6) -> 0 | D33: =COUNTIFS('RD Fine Kinney (Birim Bazlı)'!$D$8:$D$100,'Analiz (Birim Bazlı)'!$B33,'RD Fine Kinney (Birim Bazlı)'!$R$8:$R$100,'Analiz (Birim Bazlı)'!D$6) -> 0 | E33: =COUNTIFS('RD Fine Kinney (Birim Bazlı)'!$D$8:$D$100,'Analiz (Birim Bazlı)'!$B33,'RD Fine Kinney (Birim Bazlı)'!$R$8:$R$100,'Analiz (Birim Bazlı)'!E$6) -> 0 | F33: =COUNTIFS('RD Fine Kinney (Birim Bazlı)'!$D$8:$D$100,'Analiz (Birim Bazlı)'!$B33,'RD Fine Kinney (Birim Bazlı)'!$R$8:$R$100,'Analiz (Birim Bazlı)'!F$6) -> 0 | G33: =COUNTIFS('RD Fine Kinney (Birim Bazlı)'!$D$8:$D$100,'Analiz (Birim Bazlı)'!$B33,'RD Fine Kinney (Birim Bazlı)'!$R$8:$R$100,'Analiz (Birim Bazlı)'!G$6) -> 0 | H33: =SUM(C33:G33) -> 0 | I33: =COUNTIFS('RD Fine Kinney (Birim Bazlı)'!$D$8:$D$100,'Analiz (Birim Bazlı)'!$B33,'RD Fine Kinney (Birim Bazlı)'!$AC$8:$AC$100,'Analiz (Birim Bazlı)'!I$6) -> 0 | J33: =COUNTIFS('RD Fine Kinney (Birim Bazlı)'!$D$8:$D$100,'Analiz (Birim Bazlı)'!$B33,'RD Fine Kinney (Birim Bazlı)'!$AC$8:$AC$100,'Analiz (Birim Bazlı)'!J$6) -> 0 | K33: =COUNTIFS('RD Fine Kinney (Birim Bazlı)'!$D$8:$D$100,'Analiz (Birim Bazlı)'!$B33,'RD Fine Kinney (Birim Bazlı)'!$AC$8:$AC$100,'Analiz (Birim Bazlı)'!K$6) -> 0 | L33: =COUNTIFS('RD Fine Kinney (Birim Bazlı)'!$D$8:$D$100,'Analiz (Birim Bazlı)'!$B33,'RD Fine Kinney (Birim Bazlı)'!$AC$8:$AC$100,'Analiz (Birim Bazlı)'!L$6) -> 0 | M33: =COUNTIFS('RD Fine Kinney (Birim Bazlı)'!$D$8:$D$100,'Analiz (Birim Bazlı)'!$B33,'RD Fine Kinney (Birim Bazlı)'!$AC$8:$AC$100,'Analiz (Birim Bazlı)'!M$6) -> 0 | N33: =SUM(I33:M33) -> 0
B34: Yönetsel Hizmetler | C34: =COUNTIFS('RD Fine Kinney (Birim Bazlı)'!$C$8:$C$100,'Analiz (Birim Bazlı)'!$B34,'RD Fine Kinney (Birim Bazlı)'!$R$8:$R$100,'Analiz (Birim Bazlı)'!C$6) -> 0 | D34: =COUNTIFS('RD Fine Kinney (Birim Bazlı)'!$C$8:$C$100,'Analiz (Birim Bazlı)'!$B34,'RD Fine Kinney (Birim Bazlı)'!$R$8:$R$100,'Analiz (Birim Bazlı)'!D$6) -> 0 | E34: =COUNTIFS('RD Fine Kinney (Birim Bazlı)'!$C$8:$C$100,'Analiz (Birim Bazlı)'!$B34,'RD Fine Kinney (Birim Bazlı)'!$R$8:$R$100,'Analiz (Birim Bazlı)'!E$6) -> 0 | F34: =COUNTIFS('RD Fine Kinney (Birim Bazlı)'!$C$8:$C$100,'Analiz (Birim Bazlı)'!$B34,'RD Fine Kinney (Birim Bazlı)'!$R$8:$R$100,'Analiz (Birim Bazlı)'!F$6) -> 0 | G34: =COUNTIFS('RD Fine Kinney (Birim Bazlı)'!$C$8:$C$100,'Analiz (Birim Bazlı)'!$B34,'RD Fine Kinney (Birim Bazlı)'!$R$8:$R$100,'Analiz (Birim Bazlı)'!G$6) -> 0 | H34: =SUM(C34:G34) -> 0 | I34: =COUNTIFS('RD Fine Kinney (Birim Bazlı)'!$C$8:$C$100,'Analiz (Birim Bazlı)'!$B34,'RD Fine Kinney (Birim Bazlı)'!$AC$8:$AC$100,'Analiz (Birim Bazlı)'!I$6) -> 0 | J34: =COUNTIFS('RD Fine Kinney (Birim Bazlı)'!$C$8:$C$100,'Analiz (Birim Bazlı)'!$B34,'RD Fine Kinney (Birim Bazlı)'!$AC$8:$AC$100,'Analiz (Birim Bazlı)'!J$6) -> 0 | K34: =COUNTIFS('RD Fine Kinney (Birim Bazlı)'!$C$8:$C$100,'Analiz (Birim Bazlı)'!$B34,'RD Fine Kinney (Birim Bazlı)'!$AC$8:$AC$100,'Analiz (Birim Bazlı)'!K$6) -> 0 | L34: =COUNTIFS('RD Fine Kinney (Birim Bazlı)'!$C$8:$C$100,'Analiz (Birim Bazlı)'!$B34,'RD Fine Kinney (Birim Bazlı)'!$AC$8:$AC$100,'Analiz (Birim Bazlı)'!L$6) -> 0 | M34: =COUNTIFS('RD Fine Kinney (Birim Bazlı)'!$C$8:$C$100,'Analiz (Birim Bazlı)'!$B34,'RD Fine Kinney (Birim Bazlı)'!$AC$8:$AC$100,'Analiz (Birim Bazlı)'!M$6) -> 0 | N34: =SUM(I34:M34) -> 0
B35: İdari süreçler ile ilgili riskler | C35: =COUNTIFS('RD Fine Kinney (Birim Bazlı)'!$D$8:$D$100,'Analiz (Birim Bazlı)'!$B35,'RD Fine Kinney (Birim Bazlı)'!$R$8:$R$100,'Analiz (Birim Bazlı)'!C$6) -> 0 | D35: =COUNTIFS('RD Fine Kinney (Birim Bazlı)'!$D$8:$D$100,'Analiz (Birim Bazlı)'!$B35,'RD Fine Kinney (Birim Bazlı)'!$R$8:$R$100,'Analiz (Birim Bazlı)'!D$6) -> 0 | E35: =COUNTIFS('RD Fine Kinney (Birim Bazlı)'!$D$8:$D$100,'Analiz (Birim Bazlı)'!$B35,'RD Fine Kinney (Birim Bazlı)'!$R$8:$R$100,'Analiz (Birim Bazlı)'!E$6) -> 0 | F35: =COUNTIFS('RD Fine Kinney (Birim Bazlı)'!$D$8:$D$100,'Analiz (Birim Bazlı)'!$B35,'RD Fine Kinney (Birim Bazlı)'!$R$8:$R$100,'Analiz (Birim Bazlı)'!F$6) -> 0 | G35: =COUNTIFS('RD Fine Kinney (Birim Bazlı)'!$D$8:$D$100,'Analiz (Birim Bazlı)'!$B35,'RD Fine Kinney (Birim Bazlı)'!$R$8:$R$100,'Analiz (Birim Bazlı)'!G$6) -> 0 | H35: =SUM(C35:G35) -> 0 | I35: =COUNTIFS('RD Fine Kinney (Birim Bazlı)'!$D$8:$D$100,'Analiz (Birim Bazlı)'!$B35,'RD Fine Kinney (Birim Bazlı)'!$AC$8:$AC$100,'Analiz (Birim Bazlı)'!I$6) -> 0 | J35: =COUNTIFS('RD Fine Kinney (Birim Bazlı)'!$D$8:$D$100,'Analiz (Birim Bazlı)'!$B35,'RD Fine Kinney (Birim Bazlı)'!$AC$8:$AC$100,'Analiz (Birim Bazlı)'!J$6) -> 0 | K35: =COUNTIFS('RD Fine Kinney (Birim Bazlı)'!$D$8:$D$100,'Analiz (Birim Bazlı)'!$B35,'RD Fine Kinney (Birim Bazlı)'!$AC$8:$AC$100,'Analiz (Birim Bazlı)'!K$6) -> 0 | L35: =COUNTIFS('RD Fine Kinney (Birim Bazlı)'!$D$8:$D$100,'Analiz (Birim Bazlı)'!$B35,'RD Fine Kinney (Birim Bazlı)'!$AC$8:$AC$100,'Analiz (Birim Bazlı)'!L$6) -> 0 | M35: =COUNTIFS('RD Fine Kinney (Birim Bazlı)'!$D$8:$D$100,'Analiz (Birim Bazlı)'!$B35,'RD Fine Kinney (Birim Bazlı)'!$AC$8:$AC$100,'Analiz (Birim Bazlı)'!M$6) -> 0 | N35: =SUM(I35:M35) -> 0
B36: Finansal süreçler ile ilgili riskler | C36: =COUNTIFS('RD Fine Kinney (Birim Bazlı)'!$D$8:$D$100,'Analiz (Birim Bazlı)'!$B36,'RD Fine Kinney (Birim Bazlı)'!$R$8:$R$100,'Analiz (Birim Bazlı)'!C$6) -> 0 | D36: =COUNTIFS('RD Fine Kinney (Birim Bazlı)'!$D$8:$D$100,'Analiz (Birim Bazlı)'!$B36,'RD Fine Kinney (Birim Bazlı)'!$R$8:$R$100,'Analiz (Birim Bazlı)'!D$6) -> 0 | E36: =COUNTIFS('RD Fine Kinney (Birim Bazlı)'!$D$8:$D$100,'Analiz (Birim Bazlı)'!$B36,'RD Fine Kinney (Birim Bazlı)'!$R$8:$R$100,'Analiz (Birim Bazlı)'!E$6) -> 0 | F36: =COUNTIFS('RD Fine Kinney (Birim Bazlı)'!$D$8:$D$100,'Analiz (Birim Bazlı)'!$B36,'RD Fine Kinney (Birim Bazlı)'!$R$8:$R$100,'Analiz (Birim Bazlı)'!F$6) -> 0 | G36: =COUNTIFS('RD Fine Kinney (Birim Bazlı)'!$D$8:$D$100,'Analiz (Birim Bazlı)'!$B36,'RD Fine Kinney (Birim Bazlı)'!$R$8:$R$100,'Analiz (Birim Bazlı)'!G$6) -> 0 | H36: =SUM(C36:G36) -> 0 | I36: =COUNTIFS('RD Fine Kinney (Birim Bazlı)'!$D$8:$D$100,'Analiz (Birim Bazlı)'!$B36,'RD Fine Kinney (Birim Bazlı)'!$AC$8:$AC$100,'Analiz (Birim Bazlı)'!I$6) -> 0 | J36: =COUNTIFS('RD Fine Kinney (Birim Bazlı)'!$D$8:$D$100,'Analiz (Birim Bazlı)'!$B36,'RD Fine Kinney (Birim Bazlı)'!$AC$8:$AC$100,'Analiz (Birim Bazlı)'!J$6) -> 0 | K36: =COUNTIFS('RD Fine Kinney (Birim Bazlı)'!$D$8:$D$100,'Analiz (Birim Bazlı)'!$B36,'RD Fine Kinney (Birim Bazlı)'!$AC$8:$AC$100,'Analiz (Birim Bazlı)'!K$6) -> 0 | L36: =COUNTIFS('RD Fine Kinney (Birim Bazlı)'!$D$8:$D$100,'Analiz (Birim Bazlı)'!$B36,'RD Fine Kinney (Birim Bazlı)'!$AC$8:$AC$100,'Analiz (Birim Bazlı)'!L$6) -> 0 | M36: =COUNTIFS('RD Fine Kinney (Birim Bazlı)'!$D$8:$D$100,'Analiz (Birim Bazlı)'!$B36,'RD Fine Kinney (Birim Bazlı)'!$AC$8:$AC$100,'Analiz (Birim Bazlı)'!M$6) -> 0 | N36: =SUM(I36:M36) -> 0
B37: İtibar yönetimi | C37: =COUNTIFS('RD Fine Kinney (Birim Bazlı)'!$D$8:$D$100,'Analiz (Birim Bazlı)'!$B37,'RD Fine Kinney (Birim Bazlı)'!$R$8:$R$100,'Analiz (Birim Bazlı)'!C$6) -> 0 | D37: =COUNTIFS('RD Fine Kinney (Birim Bazlı)'!$D$8:$D$100,'Analiz (Birim Bazlı)'!$B37,'RD Fine Kinney (Birim Bazlı)'!$R$8:$R$100,'Analiz (Birim Bazlı)'!D$6) -> 0 | E37: =COUNTIFS('RD Fine Kinney (Birim Bazlı)'!$D$8:$D$100,'Analiz (Birim Bazlı)'!$B37,'RD Fine Kinney (Birim Bazlı)'!$R$8:$R$100,'Analiz (Birim Bazlı)'!E$6) -> 0 | F37: =COUNTIFS('RD Fine Kinney (Birim Bazlı)'!$D$8:$D$100,'Analiz (Birim Bazlı)'!$B37,'RD Fine Kinney (Birim Bazlı)'!$R$8:$R$100,'Analiz (Birim Bazlı)'!F$6) -> 0 | G37: =COUNTIFS('RD Fine Kinney (Birim Bazlı)'!$D$8:$D$100,'Analiz (Birim Bazlı)'!$B37,'RD Fine Kinney (Birim Bazlı)'!$R$8:$R$100,'Analiz (Birim Bazlı)'!G$6) -> 0 | H37: =SUM(C37:G37) -> 0 | I37: =COUNTIFS('RD Fine Kinney (Birim Bazlı)'!$D$8:$D$100,'Analiz (Birim Bazlı)'!$B37,'RD Fine Kinney (Birim Bazlı)'!$AC$8:$AC$100,'Analiz (Birim Bazlı)'!I$6) -> 0 | J37: =COUNTIFS('RD Fine Kinney (Birim Bazlı)'!$D$8:$D$100,'Analiz (Birim Bazlı)'!$B37,'RD Fine Kinney (Birim Bazlı)'!$AC$8:$AC$100,'Analiz (Birim Bazlı)'!J$6) -> 0 | K37: =COUNTIFS('RD Fine Kinney (Birim Bazlı)'!$D$8:$D$100,'Analiz (Birim Bazlı)'!$B37,'RD Fine Kinney (Birim Bazlı)'!$AC$8:$AC$100,'Analiz (Birim Bazlı)'!K$6) -> 0 | L37: =COUNTIFS('RD Fine Kinney (Birim Bazlı)'!$D$8:$D$100,'Analiz (Birim Bazlı)'!$B37,'RD Fine Kinney (Birim Bazlı)'!$AC$8:$AC$100,'Analiz (Birim Bazlı)'!L$6) -> 0 | M37: =COUNTIFS('RD Fine Kinney (Birim Bazlı)'!$D$8:$D$100,'Analiz (Birim Bazlı)'!$B37,'RD Fine Kinney (Birim Bazlı)'!$AC$8:$AC$100,'Analiz (Birim Bazlı)'!M$6) -> 0 | N37: =SUM(I37:M37) -> 0
B38: Paydaşlarla iletişim süreçlerine yönelik riskler | C38: =COUNTIFS('RD Fine Kinney (Birim Bazlı)'!$D$8:$D$100,'Analiz (Birim Bazlı)'!$B38,'RD Fine Kinney (Birim Bazlı)'!$R$8:$R$100,'Analiz (Birim Bazlı)'!C$6) -> 0 | D38: =COUNTIFS('RD Fine Kinney (Birim Bazlı)'!$D$8:$D$100,'Analiz (Birim Bazlı)'!$B38,'RD Fine Kinney (Birim Bazlı)'!$R$8:$R$100,'Analiz (Birim Bazlı)'!D$6) -> 0 | E38: =COUNTIFS('RD Fine Kinney (Birim Bazlı)'!$D$8:$D$100,'Analiz (Birim Bazlı)'!$B38,'RD Fine Kinney (Birim Bazlı)'!$R$8:$R$100,'Analiz (Birim Bazlı)'!E$6) -> 0 | F38: =COUNTIFS('RD Fine Kinney (Birim Bazlı)'!$D$8:$D$100,'Analiz (Birim Bazlı)'!$B38,'RD Fine Kinney (Birim Bazlı)'!$R$8:$R$100,'Analiz (Birim Bazlı)'!F$6) -> 0 | G38: =COUNTIFS('RD Fine Kinney (Birim Bazlı)'!$D$8:$D$100,'Analiz (Birim Bazlı)'!$B38,'RD Fine Kinney (Birim Bazlı)'!$R$8:$R$100,'Analiz (Birim Bazlı)'!G$6) -> 0 | H38: =SUM(C38:G38) -> 0 | I38: =COUNTIFS('RD Fine Kinney (Birim Bazlı)'!$D$8:$D$100,'Analiz (Birim Bazlı)'!$B38,'RD Fine Kinney (Birim Bazlı)'!$AC$8:$AC$100,'Analiz (Birim Bazlı)'!I$6) -> 0 | J38: =COUNTIFS('RD Fine Kinney (Birim Bazlı)'!$D$8:$D$100,'Analiz (Birim Bazlı)'!$B38,'RD Fine Kinney (Birim Bazlı)'!$AC$8:$AC$100,'Analiz (Birim Bazlı)'!J$6) -> 0 | K38: =COUNTIFS('RD Fine Kinney (Birim Bazlı)'!$D$8:$D$100,'Analiz (Birim Bazlı)'!$B38,'RD Fine Kinney (Birim Bazlı)'!$AC$8:$AC$100,'Analiz (Birim Bazlı)'!K$6) -> 0 | L38: =COUNTIFS('RD Fine Kinney (Birim Bazlı)'!$D$8:$D$100,'Analiz (Birim Bazlı)'!$B38,'RD Fine Kinney (Birim Bazlı)'!$AC$8:$AC$100,'Analiz (Birim Bazlı)'!L$6) -> 0 | M38: =COUNTIFS('RD Fine Kinney (Birim Bazlı)'!$D$8:$D$100,'Analiz (Birim Bazlı)'!$B38,'RD Fine Kinney (Birim Bazlı)'!$AC$8:$AC$100,'Analiz (Birim Bazlı)'!M$6) -> 0 | N38: =SUM(I38:M38) -> 0
B39: Bilgi yönetimi süreçleri ile ilgili riskler | C39: =COUNTIFS('RD Fine Kinney (Birim Bazlı)'!$D$8:$D$100,'Analiz (Birim Bazlı)'!$B39,'RD Fine Kinney (Birim Bazlı)'!$R$8:$R$100,'Analiz (Birim Bazlı)'!C$6) -> 0 | D39: =COUNTIFS('RD Fine Kinney (Birim Bazlı)'!$D$8:$D$100,'Analiz (Birim Bazlı)'!$B39,'RD Fine Kinney (Birim Bazlı)'!$R$8:$R$100,'Analiz (Birim Bazlı)'!D$6) -> 0 | E39: =COUNTIFS('RD Fine Kinney (Birim Bazlı)'!$D$8:$D$100,'Analiz (Birim Bazlı)'!$B39,'RD Fine Kinney (Birim Bazlı)'!$R$8:$R$100,'Analiz (Birim Bazlı)'!E$6) -> 0 | F39: =COUNTIFS('RD Fine Kinney (Birim Bazlı)'!$D$8:$D$100,'Analiz (Birim Bazlı)'!$B39,'RD Fine Kinney (Birim Bazlı)'!$R$8:$R$100,'Analiz (Birim Bazlı)'!F$6) -> 0 | G39: =COUNTIFS('RD Fine Kinney (Birim Bazlı)'!$D$8:$D$100,'Analiz (Birim Bazlı)'!$B39,'RD Fine Kinney (Birim Bazlı)'!$R$8:$R$100,'Analiz (Birim Bazlı)'!G$6) -> 0 | H39: =SUM(C39:G39) -> 0 | I39: =COUNTIFS('RD Fine Kinney (Birim Bazlı)'!$D$8:$D$100,'Analiz (Birim Bazlı)'!$B39,'RD Fine Kinney (Birim Bazlı)'!$AC$8:$AC$100,'Analiz (Birim Bazlı)'!I$6) -> 0 | J39: =COUNTIFS('RD Fine Kinney (Birim Bazlı)'!$D$8:$D$100,'Analiz (Birim Bazlı)'!$B39,'RD Fine Kinney (Birim Bazlı)'!$AC$8:$AC$100,'Analiz (Birim Bazlı)'!J$6) -> 0 | K39: =COUNTIFS('RD Fine Kinney (Birim Bazlı)'!$D$8:$D$100,'Analiz (Birim Bazlı)'!$B39,'RD Fine Kinney (Birim Bazlı)'!$AC$8:$AC$100,'Analiz (Birim Bazlı)'!K$6) -> 0 | L39: =COUNTIFS('RD Fine Kinney (Birim Bazlı)'!$D$8:$D$100,'Analiz (Birim Bazlı)'!$B39,'RD Fine Kinney (Birim Bazlı)'!$AC$8:$AC$100,'Analiz (Birim Bazlı)'!L$6) -> 0 | M39: =COUNTIFS('RD Fine Kinney (Birim Bazlı)'!$D$8:$D$100,'Analiz (Birim Bazlı)'!$B39,'RD Fine Kinney (Birim Bazlı)'!$AC$8:$AC$100,'Analiz (Birim Bazlı)'!M$6) -> 0 | N39: =SUM(I39:M39) -> 0
B40: Toplam | C40: =SUM(C7,C12,C18,C27,C34) -> 0 | D40: =SUM(D7,D12,D18,D27,D34) -> 0 | E40: =SUM(E7,E12,E18,E27,E34) -> 0 | F40: =SUM(F7,F12,F18,F27,F34) -> 0 | G40: =SUM(G7,G12,G18,G27,G34) -> 0 | H40: =SUM(C40:G40) -> 0 | I40: =SUM(I7,I12,I18,I27,I34) -> 0 | J40: =SUM(J7,J12,J18,J27,J34) -> 0 | K40: =SUM(K7,K12,K18,K27,K34) -> 0 | L40: =SUM(L7,L12,L18,L27,L34) -> 0 | M40: =SUM(M7,M12,M18,M27,M34) -> 0 | N40: =SUM(I40:M40) -> 0
B80: İYİLEŞTİRME ÇALIŞMALARI
C83: Düşük Risk | D83: Olası Risk | E83: Önemli Risk | F83: Yüksek Risk | G83: Kabul Edilemez Risk | H83: Toplam
B84: İyileştirme Çalışması Planlanan Tespit Sayısı | C84: =COUNTIFS('RD Fine Kinney (Birim Bazlı)'!$R$8:$R$100,'Analiz (Birim Bazlı)'!C$83,'RD Fine Kinney (Birim Bazlı)'!$U$8:$U$100,">1.1.2000") -> 0 | D84: =COUNTIFS('RD Fine Kinney (Birim Bazlı)'!$R$8:$R$100,'Analiz (Birim Bazlı)'!D$83,'RD Fine Kinney (Birim Bazlı)'!$U$8:$U$100,">1.1.2000") -> 0 | E84: =COUNTIFS('RD Fine Kinney (Birim Bazlı)'!$R$8:$R$100,'Analiz (Birim Bazlı)'!E$83,'RD Fine Kinney (Birim Bazlı)'!$U$8:$U$100,">1.1.2000") -> 0 | F84: =COUNTIFS('RD Fine Kinney (Birim Bazlı)'!$R$8:$R$100,'Analiz (Birim Bazlı)'!F$83,'RD Fine Kinney (Birim Bazlı)'!$U$8:$U$100,">1.1.2000") -> 0 | G84: =COUNTIFS('RD Fine Kinney (Birim Bazlı)'!$R$8:$R$100,'Analiz (Birim Bazlı)'!G$83,'RD Fine Kinney (Birim Bazlı)'!$U$8:$U$100,">1.1.2000") -> 0 | H84: =SUM(C84:G84) -> 0
B85: İyileştirme Çalışması Tamamlanan Tespit Sayısı | C85: =COUNTIFS('RD Fine Kinney (Birim Bazlı)'!$R$8:$R$100,'Analiz (Birim Bazlı)'!C$83,'RD Fine Kinney (Birim Bazlı)'!$U$8:$U$100,">1.1.2000",'RD Fine Kinney (Birim Bazlı)'!$W$8:$W$100,"<>") -> 0 | D85: =COUNTIFS('RD Fine Kinney (Birim Bazlı)'!$R$8:$R$100,'Analiz (Birim Bazlı)'!D$83,'RD Fine Kinney (Birim Bazlı)'!$U$8:$U$100,">1.1.2000",'RD Fine Kinney (Birim Bazlı)'!$W$8:$W$100,"<>") -> 0 | E85: =COUNTIFS('RD Fine Kinney (Birim Bazlı)'!$R$8:$R$100,'Analiz (Birim Bazlı)'!E$83,'RD Fine Kinney (Birim Bazlı)'!$U$8:$U$100,">1.1.2000",'RD Fine Kinney (Birim Bazlı)'!$W$8:$W$100,"<>") -> 0 | F85: =COUNTIFS('RD Fine Kinney (Birim Bazlı)'!$R$8:$R$100,'Analiz (Birim Bazlı)'!F$83,'RD Fine Kinney (Birim Bazlı)'!$U$8:$U$100,">1.1.2000",'RD Fine Kinney (Birim Bazlı)'!$W$8:$W$100,"<>") -> 0 | G85: =COUNTIFS('RD Fine Kinney (Birim Bazlı)'!$R$8:$R$100,'Analiz (Birim Bazlı)'!G$83,'RD Fine Kinney (Birim Bazlı)'!$U$8:$U$100,">1.1.2000",'RD Fine Kinney (Birim Bazlı)'!$W$8:$W$100,"<>") -> 0 | H85: =SUM(C85:G85) -> 0
B86: İyileştirme Çalışması Devam Eden Tespit Sayısı | C86: =COUNTIFS('RD Fine Kinney (Birim Bazlı)'!$R$8:$R$100,'Analiz (Birim Bazlı)'!C$83,'RD Fine Kinney (Birim Bazlı)'!$U$8:$U$100,">1.1.2000",'RD Fine Kinney (Birim Bazlı)'!$W$8:$W$100,"") -> 0 | D86: =COUNTIFS('RD Fine Kinney (Birim Bazlı)'!$R$8:$R$100,'Analiz (Birim Bazlı)'!D$83,'RD Fine Kinney (Birim Bazlı)'!$U$8:$U$100,">1.1.2000",'RD Fine Kinney (Birim Bazlı)'!$W$8:$W$100,"") -> 0 | E86: =COUNTIFS('RD Fine Kinney (Birim Bazlı)'!$R$8:$R$100,'Analiz (Birim Bazlı)'!E$83,'RD Fine Kinney (Birim Bazlı)'!$U$8:$U$100,">1.1.2000",'RD Fine Kinney (Birim Bazlı)'!$W$8:$W$100,"") -> 0 | F86: =COUNTIFS('RD Fine Kinney (Birim Bazlı)'!$R$8:$R$100,'Analiz (Birim Bazlı)'!F$83,'RD Fine Kinney (Birim Bazlı)'!$U$8:$U$100,">1.1.2000",'RD Fine Kinney (Birim Bazlı)'!$W$8:$W$100,"") -> 0 | G86: =COUNTIFS('RD Fine Kinney (Birim Bazlı)'!$R$8:$R$100,'Analiz (Birim Bazlı)'!G$83,'RD Fine Kinney (Birim Bazlı)'!$U$8:$U$100,">1.1.2000",'RD Fine Kinney (Birim Bazlı)'!$W$8:$W$100,"") -> 0 | H86: =SUM(C86:G86) -> 0
C103: Tamamlanan İyileştirmeler | I103: Devam Eden İyileştirmeler
B104: İyileştirme Sorumlusu | C104: Düşük Risk | D104: Olası Risk | E104: Önemli Risk | F104: Yüksek Risk | G104: Kabul Edilemez Risk | H104: Toplam | I104: Düşük Risk | J104: Olası Risk | K104: Önemli Risk | L104: Yüksek Risk | M104: Kabul Edilemez Risk | N104: Toplam
B105: Başhekimlik | C105: =COUNTIFS('RD Fine Kinney (Birim Bazlı)'!$R$8:$R$100,'Analiz (Birim Bazlı)'!C$104,'RD Fine Kinney (Birim Bazlı)'!$T$8:$T$100,'Analiz (Birim Bazlı)'!$B105,'RD Fine Kinney (Birim Bazlı)'!$U$8:$U$100,">1.1.2000",'RD Fine Kinney (Birim Bazlı)'!$W$8:$W$100,"<>") -> 0 | D105: =COUNTIFS('RD Fine Kinney (Birim Bazlı)'!$R$8:$R$100,'Analiz (Birim Bazlı)'!D$104,'RD Fine Kinney (Birim Bazlı)'!$T$8:$T$100,'Analiz (Birim Bazlı)'!$B105,'RD Fine Kinney (Birim Bazlı)'!$U$8:$U$100,">1.1.2000",'RD Fine Kinney (Birim Bazlı)'!$W$8:$W$100,"<>") -> 0 | E105: =COUNTIFS('RD Fine Kinney (Birim Bazlı)'!$R$8:$R$100,'Analiz (Birim Bazlı)'!E$104,'RD Fine Kinney (Birim Bazlı)'!$T$8:$T$100,'Analiz (Birim Bazlı)'!$B105,'RD Fine Kinney (Birim Bazlı)'!$U$8:$U$100,">1.1.2000",'RD Fine Kinney (Birim Bazlı)'!$W$8:$W$100,"<>") -> 0 | F105: =COUNTIFS('RD Fine Kinney (Birim Bazlı)'!$R$8:$R$100,'Analiz (Birim Bazlı)'!F$104,'RD Fine Kinney (Birim Bazlı)'!$T$8:$T$100,'Analiz (Birim Bazlı)'!$B105,'RD Fine Kinney (Birim Bazlı)'!$U$8:$U$100,">1.1.2000",'RD Fine Kinney (Birim Bazlı)'!$W$8:$W$100,"<>") -> 0 | G105: =COUNTIFS('RD Fine Kinney (Birim Bazlı)'!$R$8:$R$100,'Analiz (Birim Bazlı)'!G$104,'RD Fine Kinney (Birim Bazlı)'!$T$8:$T$100,'Analiz (Birim Bazlı)'!$B105,'RD Fine Kinney (Birim Bazlı)'!$U$8:$U$100,">1.1.2000",'RD Fine Kinney (Birim Bazlı)'!$W$8:$W$100,"<>") -> 0 | H105: =SUM(C105:G105) -> 0 | I105: =COUNTIFS('RD Fine Kinney (Birim Bazlı)'!$R$8:$R$100,'Analiz (Birim Bazlı)'!I$104,'RD Fine Kinney (Birim Bazlı)'!$T$8:$T$100,'Analiz (Birim Bazlı)'!$B105,'RD Fine Kinney (Birim Bazlı)'!$U$8:$U$100,">1.1.2000",'RD Fine Kinney (Birim Bazlı)'!$W$8:$W$100,"") -> 0 | J105: =COUNTIFS('RD Fine Kinney (Birim Bazlı)'!$R$8:$R$100,'Analiz (Birim Bazlı)'!J$104,'RD Fine Kinney (Birim Bazlı)'!$T$8:$T$100,'Analiz (Birim Bazlı)'!$B105,'RD Fine Kinney (Birim Bazlı)'!$U$8:$U$100,">1.1.2000",'RD Fine Kinney (Birim Bazlı)'!$W$8:$W$100,"") -> 0 | K105: =COUNTIFS('RD Fine Kinney (Birim Bazlı)'!$R$8:$R$100,'Analiz (Birim Bazlı)'!K$104,'RD Fine Kinney (Birim Bazlı)'!$T$8:$T$100,'Analiz (Birim Bazlı)'!$B105,'RD Fine Kinney (Birim Bazlı)'!$U$8:$U$100,">1.1.2000",'RD Fine Kinney (Birim Bazlı)'!$W$8:$W$100,"") -> 0 | L105: =COUNTIFS('RD Fine Kinney (Birim Bazlı)'!$R$8:$R$100,'Analiz (Birim Bazlı)'!L$104,'RD Fine Kinney (Birim Bazlı)'!$T$8:$T$100,'Analiz (Birim Bazlı)'!$B105,'RD Fine Kinney (Birim Bazlı)'!$U$8:$U$100,">1.1.2000",'RD Fine Kinney (Birim Bazlı)'!$W$8:$W$100,"") -> 0 | M105: =COUNTIFS('RD Fine Kinney (Birim Bazlı)'!$R$8:$R$100,'Analiz (Birim Bazlı)'!M$104,'RD Fine Kinney (Birim Bazlı)'!$T$8:$T$100,'Analiz (Birim Bazlı)'!$B105,'RD Fine Kinney (Birim Bazlı)'!$U$8:$U$100,">1.1.2000",'RD Fine Kinney (Birim Bazlı)'!$W$8:$W$100,"") -> 0 | N105: =SUM(I105:M105) -> 0
B106: Bilgi Sistemleri Müdürlüğü | C106: =COUNTIFS('RD Fine Kinney (Birim Bazlı)'!$R$8:$R$100,'Analiz (Birim Bazlı)'!C$104,'RD Fine Kinney (Birim Bazlı)'!$T$8:$T$100,'Analiz (Birim Bazlı)'!$B106,'RD Fine Kinney (Birim Bazlı)'!$U$8:$U$100,">1.1.2000",'RD Fine Kinney (Birim Bazlı)'!$W$8:$W$100,"<>") -> 0 | D106: =COUNTIFS('RD Fine Kinney (Birim Bazlı)'!$R$8:$R$100,'Analiz (Birim Bazlı)'!D$104,'RD Fine Kinney (Birim Bazlı)'!$T$8:$T$100,'Analiz (Birim Bazlı)'!$B106,'RD Fine Kinney (Birim Bazlı)'!$U$8:$U$100,">1.1.2000",'RD Fine Kinney (Birim Bazlı)'!$W$8:$W$100,"<>") -> 0 | E106: =COUNTIFS('RD Fine Kinney (Birim Bazlı)'!$R$8:$R$100,'Analiz (Birim Bazlı)'!E$104,'RD Fine Kinney (Birim Bazlı)'!$T$8:$T$100,'Analiz (Birim Bazlı)'!$B106,'RD Fine Kinney (Birim Bazlı)'!$U$8:$U$100,">1.1.2000",'RD Fine Kinney (Birim Bazlı)'!$W$8:$W$100,"<>") -> 0 | F106: =COUNTIFS('RD Fine Kinney (Birim Bazlı)'!$R$8:$R$100,'Analiz (Birim Bazlı)'!F$104,'RD Fine Kinney (Birim Bazlı)'!$T$8:$T$100,'Analiz (Birim Bazlı)'!$B106,'RD Fine Kinney (Birim Bazlı)'!$U$8:$U$100,">1.1.2000",'RD Fine Kinney (Birim Bazlı)'!$W$8:$W$100,"<>") -> 0 | G106: =COUNTIFS('RD Fine Kinney (Birim Bazlı)'!$R$8:$R$100,'Analiz (Birim Bazlı)'!G$104,'RD Fine Kinney (Birim Bazlı)'!$T$8:$T$100,'Analiz (Birim Bazlı)'!$B106,'RD Fine Kinney (Birim Bazlı)'!$U$8:$U$100,">1.1.2000",'RD Fine Kinney (Birim Bazlı)'!$W$8:$W$100,"<>") -> 0 | H106: =SUM(C106:G106) -> 0 | I106: =COUNTIFS('RD Fine Kinney (Birim Bazlı)'!$R$8:$R$100,'Analiz (Birim Bazlı)'!I$104,'RD Fine Kinney (Birim Bazlı)'!$T$8:$T$100,'Analiz (Birim Bazlı)'!$B106,'RD Fine Kinney (Birim Bazlı)'!$U$8:$U$100,">1.1.2000",'RD Fine Kinney (Birim Bazlı)'!$W$8:$W$100,"") -> 0 | J106: =COUNTIFS('RD Fine Kinney (Birim Bazlı)'!$R$8:$R$100,'Analiz (Birim Bazlı)'!J$104,'RD Fine Kinney (Birim Bazlı)'!$T$8:$T$100,'Analiz (Birim Bazlı)'!$B106,'RD Fine Kinney (Birim Bazlı)'!$U$8:$U$100,">1.1.2000",'RD Fine Kinney (Birim Bazlı)'!$W$8:$W$100,"") -> 0 | K106: =COUNTIFS('RD Fine Kinney (Birim Bazlı)'!$R$8:$R$100,'Analiz (Birim Bazlı)'!K$104,'RD Fine Kinney (Birim Bazlı)'!$T$8:$T$100,'Analiz (Birim Bazlı)'!$B106,'RD Fine Kinney (Birim Bazlı)'!$U$8:$U$100,">1.1.2000",'RD Fine Kinney (Birim Bazlı)'!$W$8:$W$100,"") -> 0 | L106: =COUNTIFS('RD Fine Kinney (Birim Bazlı)'!$R$8:$R$100,'Analiz (Birim Bazlı)'!L$104,'RD Fine Kinney (Birim Bazlı)'!$T$8:$T$100,'Analiz (Birim Bazlı)'!$B106,'RD Fine Kinney (Birim Bazlı)'!$U$8:$U$100,">1.1.2000",'RD Fine Kinney (Birim Bazlı)'!$W$8:$W$100,"") -> 0 | M106: =COUNTIFS('RD Fine Kinney (Birim Bazlı)'!$R$8:$R$100,'Analiz (Birim Bazlı)'!M$104,'RD Fine Kinney (Birim Bazlı)'!$T$8:$T$100,'Analiz (Birim Bazlı)'!$B106,'RD Fine Kinney (Birim Bazlı)'!$U$8:$U$100,">1.1.2000",'RD Fine Kinney (Birim Bazlı)'!$W$8:$W$100,"") -> 0 | N106: =SUM(I106:M106) -> 0
B107: Biyomedikal Müdürlüğü | C107: =COUNTIFS('RD Fine Kinney (Birim Bazlı)'!$R$8:$R$100,'Analiz (Birim Bazlı)'!C$104,'RD Fine Kinney (Birim Bazlı)'!$T$8:$T$100,'Analiz (Birim Bazlı)'!$B107,'RD Fine Kinney (Birim Bazlı)'!$U$8:$U$100,">1.1.2000",'RD Fine Kinney (Birim Bazlı)'!$W$8:$W$100,"<>") -> 0 | D107: =COUNTIFS('RD Fine Kinney (Birim Bazlı)'!$R$8:$R$100,'Analiz (Birim Bazlı)'!D$104,'RD Fine Kinney (Birim Bazlı)'!$T$8:$T$100,'Analiz (Birim Bazlı)'!$B107,'RD Fine Kinney (Birim Bazlı)'!$U$8:$U$100,">1.1.2000",'RD Fine Kinney (Birim Bazlı)'!$W$8:$W$100,"<>") -> 0 | E107: =COUNTIFS('RD Fine Kinney (Birim Bazlı)'!$R$8:$R$100,'Analiz (Birim Bazlı)'!E$104,'RD Fine Kinney (Birim Bazlı)'!$T$8:$T$100,'Analiz (Birim Bazlı)'!$B107,'RD Fine Kinney (Birim Bazlı)'!$U$8:$U$100,">1.1.2000",'RD Fine Kinney (Birim Bazlı)'!$W$8:$W$100,"<>") -> 0 | F107: =COUNTIFS('RD Fine Kinney (Birim Bazlı)'!$R$8:$R$100,'Analiz (Birim Bazlı)'!F$104,'RD Fine Kinney (Birim Bazlı)'!$T$8:$T$100,'Analiz (Birim Bazlı)'!$B107,'RD Fine Kinney (Birim Bazlı)'!$U$8:$U$100,">1.1.2000",'RD Fine Kinney (Birim Bazlı)'!$W$8:$W$100,"<>") -> 0 | G107: =COUNTIFS('RD Fine Kinney (Birim Bazlı)'!$R$8:$R$100,'Analiz (Birim Bazlı)'!G$104,'RD Fine Kinney (Birim Bazlı)'!$T$8:$T$100,'Analiz (Birim Bazlı)'!$B107,'RD Fine Kinney (Birim Bazlı)'!$U$8:$U$100,">1.1.2000",'RD Fine Kinney (Birim Bazlı)'!$W$8:$W$100,"<>") -> 0 | H107: =SUM(C107:G107) -> 0 | I107: =COUNTIFS('RD Fine Kinney (Birim Bazlı)'!$R$8:$R$100,'Analiz (Birim Bazlı)'!I$104,'RD Fine Kinney (Birim Bazlı)'!$T$8:$T$100,'Analiz (Birim Bazlı)'!$B107,'RD Fine Kinney (Birim Bazlı)'!$U$8:$U$100,">1.1.2000",'RD Fine Kinney (Birim Bazlı)'!$W$8:$W$100,"") -> 0 | J107: =COUNTIFS('RD Fine Kinney (Birim Bazlı)'!$R$8:$R$100,'Analiz (Birim Bazlı)'!J$104,'RD Fine Kinney (Birim Bazlı)'!$T$8:$T$100,'Analiz (Birim Bazlı)'!$B107,'RD Fine Kinney (Birim Bazlı)'!$U$8:$U$100,">1.1.2000",'RD Fine Kinney (Birim Bazlı)'!$W$8:$W$100,"") -> 0 | K107: =COUNTIFS('RD Fine Kinney (Birim Bazlı)'!$R$8:$R$100,'Analiz (Birim Bazlı)'!K$104,'RD Fine Kinney (Birim Bazlı)'!$T$8:$T$100,'Analiz (Birim Bazlı)'!$B107,'RD Fine Kinney (Birim Bazlı)'!$U$8:$U$100,">1.1.2000",'RD Fine Kinney (Birim Bazlı)'!$W$8:$W$100,"") -> 0 | L107: =COUNTIFS('RD Fine Kinney (Birim Bazlı)'!$R$8:$R$100,'Analiz (Birim Bazlı)'!L$104,'RD Fine Kinney (Birim Bazlı)'!$T$8:$T$100,'Analiz (Birim Bazlı)'!$B107,'RD Fine Kinney (Birim Bazlı)'!$U$8:$U$100,">1.1.2000",'RD Fine Kinney (Birim Bazlı)'!$W$8:$W$100,"") -> 0 | M107: =COUNTIFS('RD Fine Kinney (Birim Bazlı)'!$R$8:$R$100,'Analiz (Birim Bazlı)'!M$104,'RD Fine Kinney (Birim Bazlı)'!$T$8:$T$100,'Analiz (Birim Bazlı)'!$B107,'RD Fine Kinney (Birim Bazlı)'!$U$8:$U$100,">1.1.2000",'RD Fine Kinney (Birim Bazlı)'!$W$8:$W$100,"") -> 0 | N107: =SUM(I107:M107) -> 0
B108: Hasta Bakım Hizmetleri Müdürlüğü | C108: =COUNTIFS('RD Fine Kinney (Birim Bazlı)'!$R$8:$R$100,'Analiz (Birim Bazlı)'!C$104,'RD Fine Kinney (Birim Bazlı)'!$T$8:$T$100,'Analiz (Birim Bazlı)'!$B108,'RD Fine Kinney (Birim Bazlı)'!$U$8:$U$100,">1.1.2000",'RD Fine Kinney (Birim Bazlı)'!$W$8:$W$100,"<>") -> 0 | D108: =COUNTIFS('RD Fine Kinney (Birim Bazlı)'!$R$8:$R$100,'Analiz (Birim Bazlı)'!D$104,'RD Fine Kinney (Birim Bazlı)'!$T$8:$T$100,'Analiz (Birim Bazlı)'!$B108,'RD Fine Kinney (Birim Bazlı)'!$U$8:$U$100,">1.1.2000",'RD Fine Kinney (Birim Bazlı)'!$W$8:$W$100,"<>") -> 0 | E108: =COUNTIFS('RD Fine Kinney (Birim Bazlı)'!$R$8:$R$100,'Analiz (Birim Bazlı)'!E$104,'RD Fine Kinney (Birim Bazlı)'!$T$8:$T$100,'Analiz (Birim Bazlı)'!$B108,'RD Fine Kinney (Birim Bazlı)'!$U$8:$U$100,">1.1.2000",'RD Fine Kinney (Birim Bazlı)'!$W$8:$W$100,"<>") -> 0 | F108: =COUNTIFS('RD Fine Kinney (Birim Bazlı)'!$R$8:$R$100,'Analiz (Birim Bazlı)'!F$104,'RD Fine Kinney (Birim Bazlı)'!$T$8:$T$100,'Analiz (Birim Bazlı)'!$B108,'RD Fine Kinney (Birim Bazlı)'!$U$8:$U$100,">1.1.2000",'RD Fine Kinney (Birim Bazlı)'!$W$8:$W$100,"<>") -> 0 | G108: =COUNTIFS('RD Fine Kinney (Birim Bazlı)'!$R$8:$R$100,'Analiz (Birim Bazlı)'!G$104,'RD Fine Kinney (Birim Bazlı)'!$T$8:$T$100,'Analiz (Birim Bazlı)'!$B108,'RD Fine Kinney (Birim Bazlı)'!$U$8:$U$100,">1.1.2000",'RD Fine Kinney (Birim Bazlı)'!$W$8:$W$100,"<>") -> 0 | H108: =SUM(C108:G108) -> 0 | I108: =COUNTIFS('RD Fine Kinney (Birim Bazlı)'!$R$8:$R$100,'Analiz (Birim Bazlı)'!I$104,'RD Fine Kinney (Birim Bazlı)'!$T$8:$T$100,'Analiz (Birim Bazlı)'!$B108,'RD Fine Kinney (Birim Bazlı)'!$U$8:$U$100,">1.1.2000",'RD Fine Kinney (Birim Bazlı)'!$W$8:$W$100,"") -> 0 | J108: =COUNTIFS('RD Fine Kinney (Birim Bazlı)'!$R$8:$R$100,'Analiz (Birim Bazlı)'!J$104,'RD Fine Kinney (Birim Bazlı)'!$T$8:$T$100,'Analiz (Birim Bazlı)'!$B108,'RD Fine Kinney (Birim Bazlı)'!$U$8:$U$100,">1.1.2000",'RD Fine Kinney (Birim Bazlı)'!$W$8:$W$100,"") -> 0 | K108: =COUNTIFS('RD Fine Kinney (Birim Bazlı)'!$R$8:$R$100,'Analiz (Birim Bazlı)'!K$104,'RD Fine Kinney (Birim Bazlı)'!$T$8:$T$100,'Analiz (Birim Bazlı)'!$B108,'RD Fine Kinney (Birim Bazlı)'!$U$8:$U$100,">1.1.2000",'RD Fine Kinney (Birim Bazlı)'!$W$8:$W$100,"") -> 0 | L108: =COUNTIFS('RD Fine Kinney (Birim Bazlı)'!$R$8:$R$100,'Analiz (Birim Bazlı)'!L$104,'RD Fine Kinney (Birim Bazlı)'!$T$8:$T$100,'Analiz (Birim Bazlı)'!$B108,'RD Fine Kinney (Birim Bazlı)'!$U$8:$U$100,">1.1.2000",'RD Fine Kinney (Birim Bazlı)'!$W$8:$W$100,"") -> 0 | M108: =COUNTIFS('RD Fine Kinney (Birim Bazlı)'!$R$8:$R$100,'Analiz (Birim Bazlı)'!M$104,'RD Fine Kinney (Birim Bazlı)'!$T$8:$T$100,'Analiz (Birim Bazlı)'!$B108,'RD Fine Kinney (Birim Bazlı)'!$U$8:$U$100,">1.1.2000",'RD Fine Kinney (Birim Bazlı)'!$W$8:$W$100,"") -> 0 | N108: =SUM(I108:M108) -> 0
B109: İnsan Kaynakları Müdürlüğü | C109: =COUNTIFS('RD Fine Kinney (Birim Bazlı)'!$R$8:$R$100,'Analiz (Birim Bazlı)'!C$104,'RD Fine Kinney (Birim Bazlı)'!$T$8:$T$100,'Analiz (Birim Bazlı)'!$B109,'RD Fine Kinney (Birim Bazlı)'!$U$8:$U$100,">1.1.2000",'RD Fine Kinney (Birim Bazlı)'!$W$8:$W$100,"<>") -> 0 | D109: =COUNTIFS('RD Fine Kinney (Birim Bazlı)'!$R$8:$R$100,'Analiz (Birim Bazlı)'!D$104,'RD Fine Kinney (Birim Bazlı)'!$T$8:$T$100,'Analiz (Birim Bazlı)'!$B109,'RD Fine Kinney (Birim Bazlı)'!$U$8:$U$100,">1.1.2000",'RD Fine Kinney (Birim Bazlı)'!$W$8:$W$100,"<>") -> 0 | E109: =COUNTIFS('RD Fine Kinney (Birim Bazlı)'!$R$8:$R$100,'Analiz (Birim Bazlı)'!E$104,'RD Fine Kinney (Birim Bazlı)'!$T$8:$T$100,'Analiz (Birim Bazlı)'!$B109,'RD Fine Kinney (Birim Bazlı)'!$U$8:$U$100,">1.1.2000",'RD Fine Kinney (Birim Bazlı)'!$W$8:$W$100,"<>") -> 0 | F109: =COUNTIFS('RD Fine Kinney (Birim Bazlı)'!$R$8:$R$100,'Analiz (Birim Bazlı)'!F$104,'RD Fine Kinney (Birim Bazlı)'!$T$8:$T$100,'Analiz (Birim Bazlı)'!$B109,'RD Fine Kinney (Birim Bazlı)'!$U$8:$U$100,">1.1.2000",'RD Fine Kinney (Birim Bazlı)'!$W$8:$W$100,"<>") -> 0 | G109: =COUNTIFS('RD Fine Kinney (Birim Bazlı)'!$R$8:$R$100,'Analiz (Birim Bazlı)'!G$104,'RD Fine Kinney (Birim Bazlı)'!$T$8:$T$100,'Analiz (Birim Bazlı)'!$B109,'RD Fine Kinney (Birim Bazlı)'!$U$8:$U$100,">1.1.2000",'RD Fine Kinney (Birim Bazlı)'!$W$8:$W$100,"<>") -> 0 | H109: =SUM(C109:G109) -> 0 | I109: =COUNTIFS('RD Fine Kinney (Birim Bazlı)'!$R$8:$R$100,'Analiz (Birim Bazlı)'!I$104,'RD Fine Kinney (Birim Bazlı)'!$T$8:$T$100,'Analiz (Birim Bazlı)'!$B109,'RD Fine Kinney (Birim Bazlı)'!$U$8:$U$100,">1.1.2000",'RD Fine Kinney (Birim Bazlı)'!$W$8:$W$100,"") -> 0 | J109: =COUNTIFS('RD Fine Kinney (Birim Bazlı)'!$R$8:$R$100,'Analiz (Birim Bazlı)'!J$104,'RD Fine Kinney (Birim Bazlı)'!$T$8:$T$100,'Analiz (Birim Bazlı)'!$B109,'RD Fine Kinney (Birim Bazlı)'!$U$8:$U$100,">1.1.2000",'RD Fine Kinney (Birim Bazlı)'!$W$8:$W$100,"") -> 0 | K109: =COUNTIFS('RD Fine Kinney (Birim Bazlı)'!$R$8:$R$100,'Analiz (Birim Bazlı)'!K$104,'RD Fine Kinney (Birim Bazlı)'!$T$8:$T$100,'Analiz (Birim Bazlı)'!$B109,'RD Fine Kinney (Birim Bazlı)'!$U$8:$U$100,">1.1.2000",'RD Fine Kinney (Birim Bazlı)'!$W$8:$W$100,"") -> 0 | L109: =COUNTIFS('RD Fine Kinney (Birim Bazlı)'!$R$8:$R$100,'Analiz (Birim Bazlı)'!L$104,'RD Fine Kinney (Birim Bazlı)'!$T$8:$T$100,'Analiz (Birim Bazlı)'!$B109,'RD Fine Kinney (Birim Bazlı)'!$U$8:$U$100,">1.1.2000",'RD Fine Kinney (Birim Bazlı)'!$W$8:$W$100,"") -> 0 | M109: =COUNTIFS('RD Fine Kinney (Birim Bazlı)'!$R$8:$R$100,'Analiz (Birim Bazlı)'!M$104,'RD Fine Kinney (Birim Bazlı)'!$T$8:$T$100,'Analiz (Birim Bazlı)'!$B109,'RD Fine Kinney (Birim Bazlı)'!$U$8:$U$100,">1.1.2000",'RD Fine Kinney (Birim Bazlı)'!$W$8:$W$100,"") -> 0 | N109: =SUM(I109:M109) -> 0
B110: İş Sağlığı ve Güvenliği | C110: =COUNTIFS('RD Fine Kinney (Birim Bazlı)'!$R$8:$R$100,'Analiz (Birim Bazlı)'!C$104,'RD Fine Kinney (Birim Bazlı)'!$T$8:$T$100,'Analiz (Birim Bazlı)'!$B110,'RD Fine Kinney (Birim Bazlı)'!$U$8:$U$100,">1.1.2000",'RD Fine Kinney (Birim Bazlı)'!$W$8:$W$100,"<>") -> 0 | D110: =COUNTIFS('RD Fine Kinney (Birim Bazlı)'!$R$8:$R$100,'Analiz (Birim Bazlı)'!D$104,'RD Fine Kinney (Birim Bazlı)'!$T$8:$T$100,'Analiz (Birim Bazlı)'!$B110,'RD Fine Kinney (Birim Bazlı)'!$U$8:$U$100,">1.1.2000",'RD Fine Kinney (Birim Bazlı)'!$W$8:$W$100,"<>") -> 0 | E110: =COUNTIFS('RD Fine Kinney (Birim Bazlı)'!$R$8:$R$100,'Analiz (Birim Bazlı)'!E$104,'RD Fine Kinney (Birim Bazlı)'!$T$8:$T$100,'Analiz (Birim Bazlı)'!$B110,'RD Fine Kinney (Birim Bazlı)'!$U$8:$U$100,">1.1.2000",'RD Fine Kinney (Birim Bazlı)'!$W$8:$W$100,"<>") -> 0 | F110: =COUNTIFS('RD Fine Kinney (Birim Bazlı)'!$R$8:$R$100,'Analiz (Birim Bazlı)'!F$104,'RD Fine Kinney (Birim Bazlı)'!$T$8:$T$100,'Analiz (Birim Bazlı)'!$B110,'RD Fine Kinney (Birim Bazlı)'!$U$8:$U$100,">1.1.2000",'RD Fine Kinney (Birim Bazlı)'!$W$8:$W$100,"<>") -> 0 | G110: =COUNTIFS('RD Fine Kinney (Birim Bazlı)'!$R$8:$R$100,'Analiz (Birim Bazlı)'!G$104,'RD Fine Kinney (Birim Bazlı)'!$T$8:$T$100,'Analiz (Birim Bazlı)'!$B110,'RD Fine Kinney (Birim Bazlı)'!$U$8:$U$100,">1.1.2000",'RD Fine Kinney (Birim Bazlı)'!$W$8:$W$100,"<>") -> 0 | H110: =SUM(C110:G110) -> 0 | I110: =COUNTIFS('RD Fine Kinney (Birim Bazlı)'!$R$8:$R$100,'Analiz (Birim Bazlı)'!I$104,'RD Fine Kinney (Birim Bazlı)'!$T$8:$T$100,'Analiz (Birim Bazlı)'!$B110,'RD Fine Kinney (Birim Bazlı)'!$U$8:$U$100,">1.1.2000",'RD Fine Kinney (Birim Bazlı)'!$W$8:$W$100,"") -> 0 | J110: =COUNTIFS('RD Fine Kinney (Birim Bazlı)'!$R$8:$R$100,'Analiz (Birim Bazlı)'!J$104,'RD Fine Kinney (Birim Bazlı)'!$T$8:$T$100,'Analiz (Birim Bazlı)'!$B110,'RD Fine Kinney (Birim Bazlı)'!$U$8:$U$100,">1.1.2000",'RD Fine Kinney (Birim Bazlı)'!$W$8:$W$100,"") -> 0 | K110: =COUNTIFS('RD Fine Kinney (Birim Bazlı)'!$R$8:$R$100,'Analiz (Birim Bazlı)'!K$104,'RD Fine Kinney (Birim Bazlı)'!$T$8:$T$100,'Analiz (Birim Bazlı)'!$B110,'RD Fine Kinney (Birim Bazlı)'!$U$8:$U$100,">1.1.2000",'RD Fine Kinney (Birim Bazlı)'!$W$8:$W$100,"") -> 0 | L110: =COUNTIFS('RD Fine Kinney (Birim Bazlı)'!$R$8:$R$100,'Analiz (Birim Bazlı)'!L$104,'RD Fine Kinney (Birim Bazlı)'!$T$8:$T$100,'Analiz (Birim Bazlı)'!$B110,'RD Fine Kinney (Birim Bazlı)'!$U$8:$U$100,">1.1.2000",'RD Fine Kinney (Birim Bazlı)'!$W$8:$W$100,"") -> 0 | M110: =COUNTIFS('RD Fine Kinney (Birim Bazlı)'!$R$8:$R$100,'Analiz (Birim Bazlı)'!M$104,'RD Fine Kinney (Birim Bazlı)'!$T$8:$T$100,'Analiz (Birim Bazlı)'!$B110,'RD Fine Kinney (Birim Bazlı)'!$U$8:$U$100,">1.1.2000",'RD Fine Kinney (Birim Bazlı)'!$W$8:$W$100,"") -> 0 | N110: =SUM(I110:M110) -> 0
B111: Kalite Müdürlüğü | C111: =COUNTIFS('RD Fine Kinney (Birim Bazlı)'!$R$8:$R$100,'Analiz (Birim Bazlı)'!C$104,'RD Fine Kinney (Birim Bazlı)'!$T$8:$T$100,'Analiz (Birim Bazlı)'!$B111,'RD Fine Kinney (Birim Bazlı)'!$U$8:$U$100,">1.1.2000",'RD Fine Kinney (Birim Bazlı)'!$W$8:$W$100,"<>") -> 0 | D111: =COUNTIFS('RD Fine Kinney (Birim Bazlı)'!$R$8:$R$100,'Analiz (Birim Bazlı)'!D$104,'RD Fine Kinney (Birim Bazlı)'!$T$8:$T$100,'Analiz (Birim Bazlı)'!$B111,'RD Fine Kinney (Birim Bazlı)'!$U$8:$U$100,">1.1.2000",'RD Fine Kinney (Birim Bazlı)'!$W$8:$W$100,"<>") -> 0 | E111: =COUNTIFS('RD Fine Kinney (Birim Bazlı)'!$R$8:$R$100,'Analiz (Birim Bazlı)'!E$104,'RD Fine Kinney (Birim Bazlı)'!$T$8:$T$100,'Analiz (Birim Bazlı)'!$B111,'RD Fine Kinney (Birim Bazlı)'!$U$8:$U$100,">1.1.2000",'RD Fine Kinney (Birim Bazlı)'!$W$8:$W$100,"<>") -> 0 | F111: =COUNTIFS('RD Fine Kinney (Birim Bazlı)'!$R$8:$R$100,'Analiz (Birim Bazlı)'!F$104,'RD Fine Kinney (Birim Bazlı)'!$T$8:$T$100,'Analiz (Birim Bazlı)'!$B111,'RD Fine Kinney (Birim Bazlı)'!$U$8:$U$100,">1.1.2000",'RD Fine Kinney (Birim Bazlı)'!$W$8:$W$100,"<>") -> 0 | G111: =COUNTIFS('RD Fine Kinney (Birim Bazlı)'!$R$8:$R$100,'Analiz (Birim Bazlı)'!G$104,'RD Fine Kinney (Birim Bazlı)'!$T$8:$T$100,'Analiz (Birim Bazlı)'!$B111,'RD Fine Kinney (Birim Bazlı)'!$U$8:$U$100,">1.1.2000",'RD Fine Kinney (Birim Bazlı)'!$W$8:$W$100,"<>") -> 0 | H111: =SUM(C111:G111) -> 0 | I111: =COUNTIFS('RD Fine Kinney (Birim Bazlı)'!$R$8:$R$100,'Analiz (Birim Bazlı)'!I$104,'RD Fine Kinney (Birim Bazlı)'!$T$8:$T$100,'Analiz (Birim Bazlı)'!$B111,'RD Fine Kinney (Birim Bazlı)'!$U$8:$U$100,">1.1.2000",'RD Fine Kinney (Birim Bazlı)'!$W$8:$W$100,"") -> 0 | J111: =COUNTIFS('RD Fine Kinney (Birim Bazlı)'!$R$8:$R$100,'Analiz (Birim Bazlı)'!J$104,'RD Fine Kinney (Birim Bazlı)'!$T$8:$T$100,'Analiz (Birim Bazlı)'!$B111,'RD Fine Kinney (Birim Bazlı)'!$U$8:$U$100,">1.1.2000",'RD Fine Kinney (Birim Bazlı)'!$W$8:$W$100,"") -> 0 | K111: =COUNTIFS('RD Fine Kinney (Birim Bazlı)'!$R$8:$R$100,'Analiz (Birim Bazlı)'!K$104,'RD Fine Kinney (Birim Bazlı)'!$T$8:$T$100,'Analiz (Birim Bazlı)'!$B111,'RD Fine Kinney (Birim Bazlı)'!$U$8:$U$100,">1.1.2000",'RD Fine Kinney (Birim Bazlı)'!$W$8:$W$100,"") -> 0 | L111: =COUNTIFS('RD Fine Kinney (Birim Bazlı)'!$R$8:$R$100,'Analiz (Birim Bazlı)'!L$104,'RD Fine Kinney (Birim Bazlı)'!$T$8:$T$100,'Analiz (Birim Bazlı)'!$B111,'RD Fine Kinney (Birim Bazlı)'!$U$8:$U$100,">1.1.2000",'RD Fine Kinney (Birim Bazlı)'!$W$8:$W$100,"") -> 0 | M111: =COUNTIFS('RD Fine Kinney (Birim Bazlı)'!$R$8:$R$100,'Analiz (Birim Bazlı)'!M$104,'RD Fine Kinney (Birim Bazlı)'!$T$8:$T$100,'Analiz (Birim Bazlı)'!$B111,'RD Fine Kinney (Birim Bazlı)'!$U$8:$U$100,">1.1.2000",'RD Fine Kinney (Birim Bazlı)'!$W$8:$W$100,"") -> 0 | N111: =SUM(I111:M111) -> 0
B112: Misafir Hizmetleri Müdürlüğü | C112: =COUNTIFS('RD Fine Kinney (Birim Bazlı)'!$R$8:$R$100,'Analiz (Birim Bazlı)'!C$104,'RD Fine Kinney (Birim Bazlı)'!$T$8:$T$100,'Analiz (Birim Bazlı)'!$B112,'RD Fine Kinney (Birim Bazlı)'!$U$8:$U$100,">1.1.2000",'RD Fine Kinney (Birim Bazlı)'!$W$8:$W$100,"<>") -> 0 | D112: =COUNTIFS('RD Fine Kinney (Birim Bazlı)'!$R$8:$R$100,'Analiz (Birim Bazlı)'!D$104,'RD Fine Kinney (Birim Bazlı)'!$T$8:$T$100,'Analiz (Birim Bazlı)'!$B112,'RD Fine Kinney (Birim Bazlı)'!$U$8:$U$100,">1.1.2000",'RD Fine Kinney (Birim Bazlı)'!$W$8:$W$100,"<>") -> 0 | E112: =COUNTIFS('RD Fine Kinney (Birim Bazlı)'!$R$8:$R$100,'Analiz (Birim Bazlı)'!E$104,'RD Fine Kinney (Birim Bazlı)'!$T$8:$T$100,'Analiz (Birim Bazlı)'!$B112,'RD Fine Kinney (Birim Bazlı)'!$U$8:$U$100,">1.1.2000",'RD Fine Kinney (Birim Bazlı)'!$W$8:$W$100,"<>") -> 0 | F112: =COUNTIFS('RD Fine Kinney (Birim Bazlı)'!$R$8:$R$100,'Analiz (Birim Bazlı)'!F$104,'RD Fine Kinney (Birim Bazlı)'!$T$8:$T$100,'Analiz (Birim Bazlı)'!$B112,'RD Fine Kinney (Birim Bazlı)'!$U$8:$U$100,">1.1.2000",'RD Fine Kinney (Birim Bazlı)'!$W$8:$W$100,"<>") -> 0 | G112: =COUNTIFS('RD Fine Kinney (Birim Bazlı)'!$R$8:$R$100,'Analiz (Birim Bazlı)'!G$104,'RD Fine Kinney (Birim Bazlı)'!$T$8:$T$100,'Analiz (Birim Bazlı)'!$B112,'RD Fine Kinney (Birim Bazlı)'!$U$8:$U$100,">1.1.2000",'RD Fine Kinney (Birim Bazlı)'!$W$8:$W$100,"<>") -> 0 | H112: =SUM(C112:G112) -> 0 | I112: =COUNTIFS('RD Fine Kinney (Birim Bazlı)'!$R$8:$R$100,'Analiz (Birim Bazlı)'!I$104,'RD Fine Kinney (Birim Bazlı)'!$T$8:$T$100,'Analiz (Birim Bazlı)'!$B112,'RD Fine Kinney (Birim Bazlı)'!$U$8:$U$100,">1.1.2000",'RD Fine Kinney (Birim Bazlı)'!$W$8:$W$100,"") -> 0 | J112: =COUNTIFS('RD Fine Kinney (Birim Bazlı)'!$R$8:$R$100,'Analiz (Birim Bazlı)'!J$104,'RD Fine Kinney (Birim Bazlı)'!$T$8:$T$100,'Analiz (Birim Bazlı)'!$B112,'RD Fine Kinney (Birim Bazlı)'!$U$8:$U$100,">1.1.2000",'RD Fine Kinney (Birim Bazlı)'!$W$8:$W$100,"") -> 0 | K112: =COUNTIFS('RD Fine Kinney (Birim Bazlı)'!$R$8:$R$100,'Analiz (Birim Bazlı)'!K$104,'RD Fine Kinney (Birim Bazlı)'!$T$8:$T$100,'Analiz (Birim Bazlı)'!$B112,'RD Fine Kinney (Birim Bazlı)'!$U$8:$U$100,">1.1.2000",'RD Fine Kinney (Birim Bazlı)'!$W$8:$W$100,"") -> 0 | L112: =COUNTIFS('RD Fine Kinney (Birim Bazlı)'!$R$8:$R$100,'Analiz (Birim Bazlı)'!L$104,'RD Fine Kinney (Birim Bazlı)'!$T$8:$T$100,'Analiz (Birim Bazlı)'!$B112,'RD Fine Kinney (Birim Bazlı)'!$U$8:$U$100,">1.1.2000",'RD Fine Kinney (Birim Bazlı)'!$W$8:$W$100,"") -> 0 | M112: =COUNTIFS('RD Fine Kinney (Birim Bazlı)'!$R$8:$R$100,'Analiz (Birim Bazlı)'!M$104,'RD Fine Kinney (Birim Bazlı)'!$T$8:$T$100,'Analiz (Birim Bazlı)'!$B112,'RD Fine Kinney (Birim Bazlı)'!$U$8:$U$100,">1.1.2000",'RD Fine Kinney (Birim Bazlı)'!$W$8:$W$100,"") -> 0 | N112: =SUM(I112:M112) -> 0
B113: Otelcilik ve Destek Hizmetleri Müdürlüğü | C113: =COUNTIFS('RD Fine Kinney (Birim Bazlı)'!$R$8:$R$100,'Analiz (Birim Bazlı)'!C$104,'RD Fine Kinney (Birim Bazlı)'!$T$8:$T$100,'Analiz (Birim Bazlı)'!$B113,'RD Fine Kinney (Birim Bazlı)'!$U$8:$U$100,">1.1.2000",'RD Fine Kinney (Birim Bazlı)'!$W$8:$W$100,"<>") -> 0 | D113: =COUNTIFS('RD Fine Kinney (Birim Bazlı)'!$R$8:$R$100,'Analiz (Birim Bazlı)'!D$104,'RD Fine Kinney (Birim Bazlı)'!$T$8:$T$100,'Analiz (Birim Bazlı)'!$B113,'RD Fine Kinney (Birim Bazlı)'!$U$8:$U$100,">1.1.2000",'RD Fine Kinney (Birim Bazlı)'!$W$8:$W$100,"<>") -> 0 | E113: =COUNTIFS('RD Fine Kinney (Birim Bazlı)'!$R$8:$R$100,'Analiz (Birim Bazlı)'!E$104,'RD Fine Kinney (Birim Bazlı)'!$T$8:$T$100,'Analiz (Birim Bazlı)'!$B113,'RD Fine Kinney (Birim Bazlı)'!$U$8:$U$100,">1.1.2000",'RD Fine Kinney (Birim Bazlı)'!$W$8:$W$100,"<>") -> 0 | F113: =COUNTIFS('RD Fine Kinney (Birim Bazlı)'!$R$8:$R$100,'Analiz (Birim Bazlı)'!F$104,'RD Fine Kinney (Birim Bazlı)'!$T$8:$T$100,'Analiz (Birim Bazlı)'!$B113,'RD Fine Kinney (Birim Bazlı)'!$U$8:$U$100,">1.1.2000",'RD Fine Kinney (Birim Bazlı)'!$W$8:$W$100,"<>") -> 0 | G113: =COUNTIFS('RD Fine Kinney (Birim Bazlı)'!$R$8:$R$100,'Analiz (Birim Bazlı)'!G$104,'RD Fine Kinney (Birim Bazlı)'!$T$8:$T$100,'Analiz (Birim Bazlı)'!$B113,'RD Fine Kinney (Birim Bazlı)'!$U$8:$U$100,">1.1.2000",'RD Fine Kinney (Birim Bazlı)'!$W$8:$W$100,"<>") -> 0 | H113: =SUM(C113:G113) -> 0 | I113: =COUNTIFS('RD Fine Kinney (Birim Bazlı)'!$R$8:$R$100,'Analiz (Birim Bazlı)'!I$104,'RD Fine Kinney (Birim Bazlı)'!$T$8:$T$100,'Analiz (Birim Bazlı)'!$B113,'RD Fine Kinney (Birim Bazlı)'!$U$8:$U$100,">1.1.2000",'RD Fine Kinney (Birim Bazlı)'!$W$8:$W$100,"") -> 0 | J113: =COUNTIFS('RD Fine Kinney (Birim Bazlı)'!$R$8:$R$100,'Analiz (Birim Bazlı)'!J$104,'RD Fine Kinney (Birim Bazlı)'!$T$8:$T$100,'Analiz (Birim Bazlı)'!$B113,'RD Fine Kinney (Birim Bazlı)'!$U$8:$U$100,">1.1.2000",'RD Fine Kinney (Birim Bazlı)'!$W$8:$W$100,"") -> 0 | K113: =COUNTIFS('RD Fine Kinney (Birim Bazlı)'!$R$8:$R$100,'Analiz (Birim Bazlı)'!K$104,'RD Fine Kinney (Birim Bazlı)'!$T$8:$T$100,'Analiz (Birim Bazlı)'!$B113,'RD Fine Kinney (Birim Bazlı)'!$U$8:$U$100,">1.1.2000",'RD Fine Kinney (Birim Bazlı)'!$W$8:$W$100,"") -> 0 | L113: =COUNTIFS('RD Fine Kinney (Birim Bazlı)'!$R$8:$R$100,'Analiz (Birim Bazlı)'!L$104,'RD Fine Kinney (Birim Bazlı)'!$T$8:$T$100,'Analiz (Birim Bazlı)'!$B113,'RD Fine Kinney (Birim Bazlı)'!$U$8:$U$100,">1.1.2000",'RD Fine Kinney (Birim Bazlı)'!$W$8:$W$100,"") -> 0 | M113: =COUNTIFS('RD Fine Kinney (Birim Bazlı)'!$R$8:$R$100,'Analiz (Birim Bazlı)'!M$104,'RD Fine Kinney (Birim Bazlı)'!$T$8:$T$100,'Analiz (Birim Bazlı)'!$B113,'RD Fine Kinney (Birim Bazlı)'!$U$8:$U$100,">1.1.2000",'RD Fine Kinney (Birim Bazlı)'!$W$8:$W$100,"") -> 0 | N113: =SUM(I113:M113) -> 0
B114: Teknik Hizmetler Müdürlüğü | C114: =COUNTIFS('RD Fine Kinney (Birim Bazlı)'!$R$8:$R$100,'Analiz (Birim Bazlı)'!C$104,'RD Fine Kinney (Birim Bazlı)'!$T$8:$T$100,'Analiz (Birim Bazlı)'!$B114,'RD Fine Kinney (Birim Bazlı)'!$U$8:$U$100,">1.1.2000",'RD Fine Kinney (Birim Bazlı)'!$W$8:$W$100,"<>") -> 0 | D114: =COUNTIFS('RD Fine Kinney (Birim Bazlı)'!$R$8:$R$100,'Analiz (Birim Bazlı)'!D$104,'RD Fine Kinney (Birim Bazlı)'!$T$8:$T$100,'Analiz (Birim Bazlı)'!$B114,'RD Fine Kinney (Birim Bazlı)'!$U$8:$U$100,">1.1.2000",'RD Fine Kinney (Birim Bazlı)'!$W$8:$W$100,"<>") -> 0 | E114: =COUNTIFS('RD Fine Kinney (Birim Bazlı)'!$R$8:$R$100,'Analiz (Birim Bazlı)'!E$104,'RD Fine Kinney (Birim Bazlı)'!$T$8:$T$100,'Analiz (Birim Bazlı)'!$B114,'RD Fine Kinney (Birim Bazlı)'!$U$8:$U$100,">1.1.2000",'RD Fine Kinney (Birim Bazlı)'!$W$8:$W$100,"<>") -> 0 | F114: =COUNTIFS('RD Fine Kinney (Birim Bazlı)'!$R$8:$R$100,'Analiz (Birim Bazlı)'!F$104,'RD Fine Kinney (Birim Bazlı)'!$T$8:$T$100,'Analiz (Birim Bazlı)'!$B114,'RD Fine Kinney (Birim Bazlı)'!$U$8:$U$100,">1.1.2000",'RD Fine Kinney (Birim Bazlı)'!$W$8:$W$100,"<>") -> 0 | G114: =COUNTIFS('RD Fine Kinney (Birim Bazlı)'!$R$8:$R$100,'Analiz (Birim Bazlı)'!G$104,'RD Fine Kinney (Birim Bazlı)'!$T$8:$T$100,'Analiz (Birim Bazlı)'!$B114,'RD Fine Kinney (Birim Bazlı)'!$U$8:$U$100,">1.1.2000",'RD Fine Kinney (Birim Bazlı)'!$W$8:$W$100,"<>") -> 0 | H114: =SUM(C114:G114) -> 0 | I114: =COUNTIFS('RD Fine Kinney (Birim Bazlı)'!$R$8:$R$100,'Analiz (Birim Bazlı)'!I$104,'RD Fine Kinney (Birim Bazlı)'!$T$8:$T$100,'Analiz (Birim Bazlı)'!$B114,'RD Fine Kinney (Birim Bazlı)'!$U$8:$U$100,">1.1.2000",'RD Fine Kinney (Birim Bazlı)'!$W$8:$W$100,"") -> 0 | J114: =COUNTIFS('RD Fine Kinney (Birim Bazlı)'!$R$8:$R$100,'Analiz (Birim Bazlı)'!J$104,'RD Fine Kinney (Birim Bazlı)'!$T$8:$T$100,'Analiz (Birim Bazlı)'!$B114,'RD Fine Kinney (Birim Bazlı)'!$U$8:$U$100,">1.1.2000",'RD Fine Kinney (Birim Bazlı)'!$W$8:$W$100,"") -> 0 | K114: =COUNTIFS('RD Fine Kinney (Birim Bazlı)'!$R$8:$R$100,'Analiz (Birim Bazlı)'!K$104,'RD Fine Kinney (Birim Bazlı)'!$T$8:$T$100,'Analiz (Birim Bazlı)'!$B114,'RD Fine Kinney (Birim Bazlı)'!$U$8:$U$100,">1.1.2000",'RD Fine Kinney (Birim Bazlı)'!$W$8:$W$100,"") -> 0 | L114: =COUNTIFS('RD Fine Kinney (Birim Bazlı)'!$R$8:$R$100,'Analiz (Birim Bazlı)'!L$104,'RD Fine Kinney (Birim Bazlı)'!$T$8:$T$100,'Analiz (Birim Bazlı)'!$B114,'RD Fine Kinney (Birim Bazlı)'!$U$8:$U$100,">1.1.2000",'RD Fine Kinney (Birim Bazlı)'!$W$8:$W$100,"") -> 0 | M114: =COUNTIFS('RD Fine Kinney (Birim Bazlı)'!$R$8:$R$100,'Analiz (Birim Bazlı)'!M$104,'RD Fine Kinney (Birim Bazlı)'!$T$8:$T$100,'Analiz (Birim Bazlı)'!$B114,'RD Fine Kinney (Birim Bazlı)'!$U$8:$U$100,">1.1.2000",'RD Fine Kinney (Birim Bazlı)'!$W$8:$W$100,"") -> 0 | N114: =SUM(I114:M114) -> 0
B115: Satınalma Müdürlüğü | C115: =COUNTIFS('RD Fine Kinney (Birim Bazlı)'!$R$8:$R$100,'Analiz (Birim Bazlı)'!C$104,'RD Fine Kinney (Birim Bazlı)'!$T$8:$T$100,'Analiz (Birim Bazlı)'!$B115,'RD Fine Kinney (Birim Bazlı)'!$U$8:$U$100,">1.1.2000",'RD Fine Kinney (Birim Bazlı)'!$W$8:$W$100,"<>") -> 0 | D115: =COUNTIFS('RD Fine Kinney (Birim Bazlı)'!$R$8:$R$100,'Analiz (Birim Bazlı)'!D$104,'RD Fine Kinney (Birim Bazlı)'!$T$8:$T$100,'Analiz (Birim Bazlı)'!$B115,'RD Fine Kinney (Birim Bazlı)'!$U$8:$U$100,">1.1.2000",'RD Fine Kinney (Birim Bazlı)'!$W$8:$W$100,"<>") -> 0 | E115: =COUNTIFS('RD Fine Kinney (Birim Bazlı)'!$R$8:$R$100,'Analiz (Birim Bazlı)'!E$104,'RD Fine Kinney (Birim Bazlı)'!$T$8:$T$100,'Analiz (Birim Bazlı)'!$B115,'RD Fine Kinney (Birim Bazlı)'!$U$8:$U$100,">1.1.2000",'RD Fine Kinney (Birim Bazlı)'!$W$8:$W$100,"<>") -> 0 | F115: =COUNTIFS('RD Fine Kinney (Birim Bazlı)'!$R$8:$R$100,'Analiz (Birim Bazlı)'!F$104,'RD Fine Kinney (Birim Bazlı)'!$T$8:$T$100,'Analiz (Birim Bazlı)'!$B115,'RD Fine Kinney (Birim Bazlı)'!$U$8:$U$100,">1.1.2000",'RD Fine Kinney (Birim Bazlı)'!$W$8:$W$100,"<>") -> 0 | G115: =COUNTIFS('RD Fine Kinney (Birim Bazlı)'!$R$8:$R$100,'Analiz (Birim Bazlı)'!G$104,'RD Fine Kinney (Birim Bazlı)'!$T$8:$T$100,'Analiz (Birim Bazlı)'!$B115,'RD Fine Kinney (Birim Bazlı)'!$U$8:$U$100,">1.1.2000",'RD Fine Kinney (Birim Bazlı)'!$W$8:$W$100,"<>") -> 0 | H115: =SUM(C115:G115) -> 0 | I115: =COUNTIFS('RD Fine Kinney (Birim Bazlı)'!$R$8:$R$100,'Analiz (Birim Bazlı)'!I$104,'RD Fine Kinney (Birim Bazlı)'!$T$8:$T$100,'Analiz (Birim Bazlı)'!$B115,'RD Fine Kinney (Birim Bazlı)'!$U$8:$U$100,">1.1.2000",'RD Fine Kinney (Birim Bazlı)'!$W$8:$W$100,"") -> 0 | J115: =COUNTIFS('RD Fine Kinney (Birim Bazlı)'!$R$8:$R$100,'Analiz (Birim Bazlı)'!J$104,'RD Fine Kinney (Birim Bazlı)'!$T$8:$T$100,'Analiz (Birim Bazlı)'!$B115,'RD Fine Kinney (Birim Bazlı)'!$U$8:$U$100,">1.1.2000",'RD Fine Kinney (Birim Bazlı)'!$W$8:$W$100,"") -> 0 | K115: =COUNTIFS('RD Fine Kinney (Birim Bazlı)'!$R$8:$R$100,'Analiz (Birim Bazlı)'!K$104,'RD Fine Kinney (Birim Bazlı)'!$T$8:$T$100,'Analiz (Birim Bazlı)'!$B115,'RD Fine Kinney (Birim Bazlı)'!$U$8:$U$100,">1.1.2000",'RD Fine Kinney (Birim Bazlı)'!$W$8:$W$100,"") -> 0 | L115: =COUNTIFS('RD Fine Kinney (Birim Bazlı)'!$R$8:$R$100,'Analiz (Birim Bazlı)'!L$104,'RD Fine Kinney (Birim Bazlı)'!$T$8:$T$100,'Analiz (Birim Bazlı)'!$B115,'RD Fine Kinney (Birim Bazlı)'!$U$8:$U$100,">1.1.2000",'RD Fine Kinney (Birim Bazlı)'!$W$8:$W$100,"") -> 0 | M115: =COUNTIFS('RD Fine Kinney (Birim Bazlı)'!$R$8:$R$100,'Analiz (Birim Bazlı)'!M$104,'RD Fine Kinney (Birim Bazlı)'!$T$8:$T$100,'Analiz (Birim Bazlı)'!$B115,'RD Fine Kinney (Birim Bazlı)'!$U$8:$U$100,">1.1.2000",'RD Fine Kinney (Birim Bazlı)'!$W$8:$W$100,"") -> 0 | N115: =SUM(I115:M115) -> 0
B116: Üst Yönetim | C116: =COUNTIFS('RD Fine Kinney (Birim Bazlı)'!$R$8:$R$100,'Analiz (Birim Bazlı)'!C$104,'RD Fine Kinney (Birim Bazlı)'!$T$8:$T$100,'Analiz (Birim Bazlı)'!$B116,'RD Fine Kinney (Birim Bazlı)'!$U$8:$U$100,">1.1.2000",'RD Fine Kinney (Birim Bazlı)'!$W$8:$W$100,"<>") -> 0 | D116: =COUNTIFS('RD Fine Kinney (Birim Bazlı)'!$R$8:$R$100,'Analiz (Birim Bazlı)'!D$104,'RD Fine Kinney (Birim Bazlı)'!$T$8:$T$100,'Analiz (Birim Bazlı)'!$B116,'RD Fine Kinney (Birim Bazlı)'!$U$8:$U$100,">1.1.2000",'RD Fine Kinney (Birim Bazlı)'!$W$8:$W$100,"<>") -> 0 | E116: =COUNTIFS('RD Fine Kinney (Birim Bazlı)'!$R$8:$R$100,'Analiz (Birim Bazlı)'!E$104,'RD Fine Kinney (Birim Bazlı)'!$T$8:$T$100,'Analiz (Birim Bazlı)'!$B116,'RD Fine Kinney (Birim Bazlı)'!$U$8:$U$100,">1.1.2000",'RD Fine Kinney (Birim Bazlı)'!$W$8:$W$100,"<>") -> 0 | F116: =COUNTIFS('RD Fine Kinney (Birim Bazlı)'!$R$8:$R$100,'Analiz (Birim Bazlı)'!F$104,'RD Fine Kinney (Birim Bazlı)'!$T$8:$T$100,'Analiz (Birim Bazlı)'!$B116,'RD Fine Kinney (Birim Bazlı)'!$U$8:$U$100,">1.1.2000",'RD Fine Kinney (Birim Bazlı)'!$W$8:$W$100,"<>") -> 0 | G116: =COUNTIFS('RD Fine Kinney (Birim Bazlı)'!$R$8:$R$100,'Analiz (Birim Bazlı)'!G$104,'RD Fine Kinney (Birim Bazlı)'!$T$8:$T$100,'Analiz (Birim Bazlı)'!$B116,'RD Fine Kinney (Birim Bazlı)'!$U$8:$U$100,">1.1.2000",'RD Fine Kinney (Birim Bazlı)'!$W$8:$W$100,"<>") -> 0 | H116: =SUM(C116:G116) -> 0 | I116: =COUNTIFS('RD Fine Kinney (Birim Bazlı)'!$R$8:$R$100,'Analiz (Birim Bazlı)'!I$104,'RD Fine Kinney (Birim Bazlı)'!$T$8:$T$100,'Analiz (Birim Bazlı)'!$B116,'RD Fine Kinney (Birim Bazlı)'!$U$8:$U$100,">1.1.2000",'RD Fine Kinney (Birim Bazlı)'!$W$8:$W$100,"") -> 0 | J116: =COUNTIFS('RD Fine Kinney (Birim Bazlı)'!$R$8:$R$100,'Analiz (Birim Bazlı)'!J$104,'RD Fine Kinney (Birim Bazlı)'!$T$8:$T$100,'Analiz (Birim Bazlı)'!$B116,'RD Fine Kinney (Birim Bazlı)'!$U$8:$U$100,">1.1.2000",'RD Fine Kinney (Birim Bazlı)'!$W$8:$W$100,"") -> 0 | K116: =COUNTIFS('RD Fine Kinney (Birim Bazlı)'!$R$8:$R$100,'Analiz (Birim Bazlı)'!K$104,'RD Fine Kinney (Birim Bazlı)'!$T$8:$T$100,'Analiz (Birim Bazlı)'!$B116,'RD Fine Kinney (Birim Bazlı)'!$U$8:$U$100,">1.1.2000",'RD Fine Kinney (Birim Bazlı)'!$W$8:$W$100,"") -> 0 | L116: =COUNTIFS('RD Fine Kinney (Birim Bazlı)'!$R$8:$R$100,'Analiz (Birim Bazlı)'!L$104,'RD Fine Kinney (Birim Bazlı)'!$T$8:$T$100,'Analiz (Birim Bazlı)'!$B116,'RD Fine Kinney (Birim Bazlı)'!$U$8:$U$100,">1.1.2000",'RD Fine Kinney (Birim Bazlı)'!$W$8:$W$100,"") -> 0 | M116: =COUNTIFS('RD Fine Kinney (Birim Bazlı)'!$R$8:$R$100,'Analiz (Birim Bazlı)'!M$104,'RD Fine Kinney (Birim Bazlı)'!$T$8:$T$100,'Analiz (Birim Bazlı)'!$B116,'RD Fine Kinney (Birim Bazlı)'!$U$8:$U$100,">1.1.2000",'RD Fine Kinney (Birim Bazlı)'!$W$8:$W$100,"") -> 0 | N116: =SUM(I116:M116) -> 0
B117: Diğer | C117: =COUNTIFS('RD Fine Kinney (Birim Bazlı)'!$R$8:$R$100,'Analiz (Birim Bazlı)'!C$104,'RD Fine Kinney (Birim Bazlı)'!$T$8:$T$100,'Analiz (Birim Bazlı)'!$B117,'RD Fine Kinney (Birim Bazlı)'!$U$8:$U$100,">1.1.2000",'RD Fine Kinney (Birim Bazlı)'!$W$8:$W$100,"<>") -> 0 | D117: =COUNTIFS('RD Fine Kinney (Birim Bazlı)'!$R$8:$R$100,'Analiz (Birim Bazlı)'!D$104,'RD Fine Kinney (Birim Bazlı)'!$T$8:$T$100,'Analiz (Birim Bazlı)'!$B117,'RD Fine Kinney (Birim Bazlı)'!$U$8:$U$100,">1.1.2000",'RD Fine Kinney (Birim Bazlı)'!$W$8:$W$100,"<>") -> 0 | E117: =COUNTIFS('RD Fine Kinney (Birim Bazlı)'!$R$8:$R$100,'Analiz (Birim Bazlı)'!E$104,'RD Fine Kinney (Birim Bazlı)'!$T$8:$T$100,'Analiz (Birim Bazlı)'!$B117,'RD Fine Kinney (Birim Bazlı)'!$U$8:$U$100,">1.1.2000",'RD Fine Kinney (Birim Bazlı)'!$W$8:$W$100,"<>") -> 0 | F117: =COUNTIFS('RD Fine Kinney (Birim Bazlı)'!$R$8:$R$100,'Analiz (Birim Bazlı)'!F$104,'RD Fine Kinney (Birim Bazlı)'!$T$8:$T$100,'Analiz (Birim Bazlı)'!$B117,'RD Fine Kinney (Birim Bazlı)'!$U$8:$U$100,">1.1.2000",'RD Fine Kinney (Birim Bazlı)'!$W$8:$W$100,"<>") -> 0 | G117: =COUNTIFS('RD Fine Kinney (Birim Bazlı)'!$R$8:$R$100,'Analiz (Birim Bazlı)'!G$104,'RD Fine Kinney (Birim Bazlı)'!$T$8:$T$100,'Analiz (Birim Bazlı)'!$B117,'RD Fine Kinney (Birim Bazlı)'!$U$8:$U$100,">1.1.2000",'RD Fine Kinney (Birim Bazlı)'!$W$8:$W$100,"<>") -> 0 | H117: =SUM(C117:G117) -> 0 | I117: =COUNTIFS('RD Fine Kinney (Birim Bazlı)'!$R$8:$R$100,'Analiz (Birim Bazlı)'!I$104,'RD Fine Kinney (Birim Bazlı)'!$T$8:$T$100,'Analiz (Birim Bazlı)'!$B117,'RD Fine Kinney (Birim Bazlı)'!$U$8:$U$100,">1.1.2000",'RD Fine Kinney (Birim Bazlı)'!$W$8:$W$100,"") -> 0 | J117: =COUNTIFS('RD Fine Kinney (Birim Bazlı)'!$R$8:$R$100,'Analiz (Birim Bazlı)'!J$104,'RD Fine Kinney (Birim Bazlı)'!$T$8:$T$100,'Analiz (Birim Bazlı)'!$B117,'RD Fine Kinney (Birim Bazlı)'!$U$8:$U$100,">1.1.2000",'RD Fine Kinney (Birim Bazlı)'!$W$8:$W$100,"") -> 0 | K117: =COUNTIFS('RD Fine Kinney (Birim Bazlı)'!$R$8:$R$100,'Analiz (Birim Bazlı)'!K$104,'RD Fine Kinney (Birim Bazlı)'!$T$8:$T$100,'Analiz (Birim Bazlı)'!$B117,'RD Fine Kinney (Birim Bazlı)'!$U$8:$U$100,">1.1.2000",'RD Fine Kinney (Birim Bazlı)'!$W$8:$W$100,"") -> 0 | L117: =COUNTIFS('RD Fine Kinney (Birim Bazlı)'!$R$8:$R$100,'Analiz (Birim Bazlı)'!L$104,'RD Fine Kinney (Birim Bazlı)'!$T$8:$T$100,'Analiz (Birim Bazlı)'!$B117,'RD Fine Kinney (Birim Bazlı)'!$U$8:$U$100,">1.1.2000",'RD Fine Kinney (Birim Bazlı)'!$W$8:$W$100,"") -> 0 | M117: =COUNTIFS('RD Fine Kinney (Birim Bazlı)'!$R$8:$R$100,'Analiz (Birim Bazlı)'!M$104,'RD Fine Kinney (Birim Bazlı)'!$T$8:$T$100,'Analiz (Birim Bazlı)'!$B117,'RD Fine Kinney (Birim Bazlı)'!$U$8:$U$100,">1.1.2000",'RD Fine Kinney (Birim Bazlı)'!$W$8:$W$100,"") -> 0 | N117: =SUM(I117:M117) -> 0

Sheet RD Fine Kinney (Konsolide)
A1: TEHLİKE BELİRLEME VE RİSK DEĞERLENDİRME TABLOSU (FINE KINNEY METODU)
A3: Değerlendirilen Birim / Bölüm | D3: Hastane (Konsolide) | X3: Risk Değ. Güncelleme Tarihi | Y3: 45870 | AC3: Geçerlilik Tarihi | AE3: 46600
A4: İşyeri Unvanı, Adresi | D4: Vadi Liv - Ayazağa Mahallesi, Kemerburgaz Caddesi, Vadistanbul Park Etabı, 34396 Sarıyer / İstanbul | AC4: Kullanılan Metod | AE4: Fine-Kinney Metodu
A6: No | B6: Tespit Tarihi | C6: Risk Kategorisi | D6: Alt Risk Kategorisi | E6: Birim / Bölüm | F6: Alan | G6: Faaliyet | H6: Tehlike | I6: Risk | J6: Sonuç/ Olası Etki Zarar | K6: Riskten Etkilenecek Kişiler | L6: Mevcut Durum Açıklaması (Tespit edilen riske ilişkin mevcut önlemler) | M6: Mevcut Durum Görseli (Varsa tespit edilen riske ilişkin görsel) | N6: Mevcut Risk Skoru | S6: İyileştirme Planı | V6: İyileştirme Açıklaması (Tespit edilen riske ilişkin yapılan iyileştirmeler) | W6: İyileştirme Tamamlanma Tarihi | X6: İyileştirme Sonrası Görseli (Yapılan iyileştirme sonrasını gösteren görsel) | Y6: İyileştirme Sonrası Risk Skoru | AD6: İyileştirme Etkinlik Ölçümü | AG6: İlgili Mevzuat
N7: Olasılık | O7: Frekans | P7: Şiddet | Q7: Risk Puanı | R7: Risk Seviyesi | S7: Alınacak Önlemler / İyileştirici Faaliyet | T7: İyileştirme Sorumlusu | U7: Termin | Y7: Olasılık | Z7: Frekans | AA7: Şiddet | AB7: Risk Puanı | AC7: Risk Seviyesi | AD7: Etkinlik Ölçüm Yöntemi | AE7: İyileştirme Kontrol Sorumlusu | AF7: Sonuç
A8: 48 | B8: 45877 | C8: Tesis Güvenliği | D8: Emniyet | E8: Radyoloji | F8: Radyoloji | G8: Beyaz kod | H8: Ajite hasta | I8: Çalışana saldırı, şiddet, psikososyal risk | J8: Yaralanma, buhran | K8: Hasta, Hasta Yakını, Çalışanlar, Ziyaretçiler | L8: Yıl içerisinde Beyaz kod yaşanmamıştır. | M8: Görsel bulunmamaktadır. | N8: 3 | O8: 2 | P8: 15 | Q8: =(P8*O8*N8) -> 90 | R8: =IF(Q8="","",IF(AND(Q8>=0,Q8<20),"DÜŞÜK RİSK",IF(AND(Q8>=20,Q8<70),"OLASI RİSK",IF(AND(Q8>=70,Q8<200),"ÖNEMLİ RİSK",IF(AND(Q8>=200,Q8<400),"YÜKSEK RİSK",IF(Q8>=400,"KABUL EDİLEMEZ RİSK","")))))) -> ÖNEMLİ RİSK | S8: Hastaların bekleme süresi, cihaz arızası vb. sorunlar çözümlenerek hasta memnuniyeti sağlanmalıdır. | T8: Otelcilik ve Destek Hizmetleri Müdürlüğü | Y8: 0.5 | Z8: 0.5 | AA8: 40 | AB8: =IF(OR(ISBLANK(Y8)=TRUE,ISBLANK(Z8)=TRUE,ISBLANK(AA8)=TRUE),"",PRODUCT(Y8,Z8,AA8)) -> 10 | AC8: =IF(AB8="","",IF(AND(AB8>=0,AB8<20),"DÜŞÜK RİSK",IF(AND(AB8>=20,AB8<70),"OLASI RİSK",IF(AND(AB8>=70,AB8<200),"ÖNEMLİ RİSK",IF(AND(AB8>=200,AB8<400),"YÜKSEK RİSK",IF(AB8>=400,"KABUL EDİLEMEZ RİSK","")))))) -> DÜŞÜK RİSK
A9: 129 | B9: 45877 | C9: İş Sağlığı ve Güvenliği | D9: Güvenlik - Fiziksel Risk Etmenleri | E9: Radyoloji | F9: MR | G9: Çekim | H9: Manyetik alanlara manyetik malzeme ile giriş | I9: Çekim | J9: Yaralanma | K9: Hasta, Hasta Yakını, Çalışanlar, Ziyaretçiler | L9: MR alanının girişinde kontrollü geçiş sistemi bulunmakta olup yalnızca tanımlı kişilerin girişi sağlanabilmektedir. Cihazın olduğu alana hasta alınmadan önce metal dedektör ile taraması yapılarak manyetik ekipmanlarla giriş engellenmektedir. Alan girişininde uyarı işaretlemeleri mevcuttur. | M9: Görsel bulunmamaktadır. | N9: 1 | O9: 0.5 | P9: 40 | Q9: =IF(OR(ISBLANK(N9)=TRUE,ISBLANK(O9)=TRUE,ISBLANK(P9)=TRUE),"",PRODUCT(N9,O9,P9)) -> 20 | R9: =IF(Q9="","",IF(AND(Q9>=0,Q9<20),"DÜŞÜK RİSK",IF(AND(Q9>=20,Q9<70),"OLASI RİSK",IF(AND(Q9>=70,Q9<200),"ÖNEMLİ RİSK",IF(AND(Q9>=200,Q9<400),"YÜKSEK RİSK",IF(Q9>=400,"KABUL EDİLEMEZ RİSK","")))))) -> OLASI RİSK | S9: Her hasta kontrol sonrası cihaz alanına alınmaya devam edilmelidir. | T9: Biyomedikal Müdürlüğü | U9: Sürekli | V9: Alınacak önlemler uygulandığı takdirde, var olan tehlike kontrol altına alınacaktır. | X9: Görsel bulunmamaktadır. | Y9: 0.5 | Z9: 0.5 | AA9: 40 | AB9: =IF(OR(ISBLANK(Y9)=TRUE,ISBLANK(Z9)=TRUE,ISBLANK(AA9)=TRUE),"",PRODUCT(Y9,Z9,AA9)) -> 10 | AC9: =IF(AB9="","",IF(AND(AB9>=0,AB9<20),"DÜŞÜK RİSK",IF(AND(AB9>=20,AB9<70),"OLASI RİSK",IF(AND(AB9>=70,AB9<200),"ÖNEMLİ RİSK",IF(AND(AB9>=200,AB9<400),"YÜKSEK RİSK",IF(AB9>=400,"KABUL EDİLEMEZ RİSK","")))))) -> DÜŞÜK RİSK | AD9: Diğer | AE9: Tesis Güvenliği Komitesi | AF9: Herhangi bir kaza/ramak kala olay, olay bildirim yaşanmamıştır. | AG9: *İşyeri Bina ve Eklentilerinde Alınacak Sağlık ve Güvenlik Önlemleri Hakkında Yönetmelik
A10: 3129 | B10: 45877 | C10: İş Sağlığı ve Güvenliği | D10: Güvenlik - Fiziksel Risk Etmenleri | E10: Radyoloji | F10: Radyoloji | G10: Çekim | H10: Radyasyon Maruziyeti | I10: Çalışanların ve hastaların iyonize radyasyona maruz kalması | J10: Kanser / Genetik Bozukluklar / Dokularda Hasar | K10: Hastalar / Çalışanlar | L10: Duvarlar ve kapılar kurşun malzeme ile kaplıdır. Personellere kişisel koruyucu ekipan (kurşun önlük, boyun koruyucu vb.) temin edilmiştir. Personellere dozimetre kullanımı zorunlu hale getirilmiştir. | M10: Tespit edilen tehlikeye dair görsel bulunmamaktadır. | N10: 3 | O10: 3 | P10: 15 | Q10: =IF(OR(ISBLANK(N10)=TRUE,ISBLANK(O10)=TRUE,ISBLANK(P10)=TRUE),"",PRODUCT(N10,O10,P10)) -> 135 | R10: =IF(Q10="","",IF(AND(Q10>=0,Q10<20),"DÜŞÜK RİSK",IF(AND(Q10>=20,Q10<70),"OLASI RİSK",IF(AND(Q10>=70,Q10<200),"ÖNEMLİ RİSK",IF(AND(Q10>=200,Q10<400),"YÜKSEK RİSK",IF(Q10>=400,"KABUL EDİLEMEZ RİSK","")))))) -> ÖNEMLİ RİSK | S10: Mevcut önlem devam ettirilmesi | T10: Hasta Bakım Hizmetleri Müdürlüğü | U10: Sürekli | V10: Alınacak önlemler uygulandığı takdirde, var olan tehlike kontrol altına alınacaktır. | W10: Sürekli | X10: Tespit edilen iyileştirmeye dair görsel bulunmamaktadır. | Y10: 1 | Z10: 3 | AA10: 15 | AB10: =IF(OR(ISBLANK(Y10)=TRUE,ISBLANK(Z10)=TRUE,ISBLANK(AA10)=TRUE),"",PRODUCT(Y10,Z10,AA10)) -> 45 | AC10: =IF(AB10="","",IF(AND(AB10>=0,AB10<20),"DÜŞÜK RİSK",IF(AND(AB10>=20,AB10<70),"OLASI RİSK",IF(AND(AB10>=70,AB10<200),"ÖNEMLİ RİSK",IF(AND(AB10>=200,AB10<400),"YÜKSEK RİSK",IF(AB10>=400,"KABUL EDİLEMEZ RİSK","")))))) -> OLASI RİSK | AD10: Gösterge Takibi | AE10: Radyasyon Güvenliği Komitesi | AF10: Doz ölçümleri kayıt altına alınmaktadır. | AG10: Radyasyon Güvenliği Yönetmeliği
A11: 3130 | B11: 45877 | C11: Tesis Güvenliği | D11: Tıbbi Cihaz ve Malzeme Yönetimi | E11: Radyoloji | F11: Radyoloji | G11: MR Cihaz Kallanımı | H11: Güçlü Manyetik Alan | I11: Metalik eşyaları çekmesi | J11: Ciddi yaralanmalar / Cihaz hasarı / Hasta güvenliği ihlali | K11: Hastalar / Çalışanlar | L11: MR odasına giren kişiselerin metal eşyalarını bırakmaları sağlanmaktadır. Hastalar Mr uyumlu olmayan implantlar hakkında bilgilendirilmektedir. MR Zone alan etiketlemesi yapılmıştır. | M11: Tespit edilen tehlikeye dair görsel bulunmamaktadır. | N11: 3 | O11: 3 | P11: 15 | Q11: =IF(OR(ISBLANK(N11)=TRUE,ISBLANK(O11)=TRUE,ISBLANK(P11)=TRUE),"",PRODUCT(N11,O11,P11)) -> 135 | R11: =IF(Q11="","",IF(AND(Q11>=0,Q11<20),"DÜŞÜK RİSK",IF(AND(Q11>=20,Q11<70),"OLASI RİSK",IF(AND(Q11>=70,Q11<200),"ÖNEMLİ RİSK",IF(AND(Q11>=200,Q11<400),"YÜKSEK RİSK",IF(Q11>=400,"KABUL EDİLEMEZ RİSK","")))))) -> ÖNEMLİ RİSK | S11: Mevcut önlem devam ettirilmesi | T11: Hasta Bakım Hizmetleri Müdürlüğü | U11: Sürekli | V11: Alınacak önlemler uygulandığı takdirde, var olan tehlike kontrol altına alınacaktır. | W11: Sürekli | X11: Tespit edilen iyileştirmeye dair görsel bulunmamaktadır. | Y11: 1 | Z11: 3 | AA11: 15 | AB11: =IF(OR(ISBLANK(Y11)=TRUE,ISBLANK(Z11)=TRUE,ISBLANK(AA11)=TRUE),"",PRODUCT(Y11,Z11,AA11)) -> 45 | AC11: =IF(AB11="","",IF(AND(AB11>=0,AB11<20),"DÜŞÜK RİSK",IF(AND(AB11>=20,AB11<70),"OLASI RİSK",IF(AND(AB11>=70,AB11<200),"ÖNEMLİ RİSK",IF(AND(AB11>=200,AB11<400),"YÜKSEK RİSK",IF(AB11>=400,"KABUL EDİLEMEZ RİSK","")))))) -> OLASI RİSK | AD11: Diğer | AE11: Radyasyon Güvenliği Komitesi | AF11: Yapılan alan denetimlerinde herhangi bir uygunsuzluk tespit edilmemiştir. | AG11: Radyasyon Güvenliği Yönetmeliği
A12: 3131 | B12: 45877 | C12: Tesis Güvenliği | D12: Tıbbi Cihaz ve Malzeme Yönetimi | E12: Radyoloji | F12: Radyoloji | G12: MR Cihaz Kallanımı | H12: Akustik Gürültü | I12: Mr cihazının çalışması sırasında akustik gürültü | J12: İşitme kaybı | K12: Çalışanlar | L12: Hastalar için kulak tıkayıcı ve kulaklık gibi kişisel koruyucu ekipmanlar temin edilmiştir. | M12: Tespit edilen tehlikeye dair görsel bulunmamaktadır. | N12: 3 | O12: 3 | P12: 15 | Q12: =IF(OR(ISBLANK(N12)=TRUE,ISBLANK(O12)=TRUE,ISBLANK(P12)=TRUE),"",PRODUCT(N12,O12,P12)) -> 135 | R12: =IF(Q12="","",IF(AND(Q12>=0,Q12<20),"DÜŞÜK RİSK",IF(AND(Q12>=20,Q12<70),"OLASI RİSK",IF(AND(Q12>=70,Q12<200),"ÖNEMLİ RİSK",IF(AND(Q12>=200,Q12<400),"YÜKSEK RİSK",IF(Q12>=400,"KABUL EDİLEMEZ RİSK","")))))) -> ÖNEMLİ RİSK | S12: Mevcut önlem devam ettirilmesi | T12: Hasta Bakım Hizmetleri Müdürlüğü | U12: Sürekli | V12: Alınacak önlemler uygulandığı takdirde, var olan tehlike kontrol altına alınacaktır. | W12: Sürekli | X12: Tespit edilen iyileştirmeye dair görsel bulunmamaktadır. | Y12: 1 | Z12: 3 | AA12: 15 | AB12: =IF(OR(ISBLANK(Y12)=TRUE,ISBLANK(Z12)=TRUE,ISBLANK(AA12)=TRUE),"",PRODUCT(Y12,Z12,AA12)) -> 45 | AC12: =IF(AB12="","",IF(AND(AB12>=0,AB12<20),"DÜŞÜK RİSK",IF(AND(AB12>=20,AB12<70),"OLASI RİSK",IF(AND(AB12>=70,AB12<200),"ÖNEMLİ RİSK",IF(AND(AB12>=200,AB12<400),"YÜKSEK RİSK",IF(AB12>=400,"KABUL EDİLEMEZ RİSK","")))))) -> OLASI RİSK | AD12: Diğer | AE12: Radyasyon Güvenliği Komitesi | AF12: Yapılan alan denetimlerinde herhangi bir uygunsuzluk tespit edilmemiştir. | AG12: Radyasyon Güvenliği Yönetmeliği
A13: 3132 | B13: 45877 | C13: Tesis Güvenliği | D13: Tıbbi Cihaz ve Malzeme Yönetimi | E13: Radyoloji | F13: Radyoloji | G13: MR Cihaz Kallanımı | H13: Radyofrekans ısınması | I13: Uzun süreli taramalarda hasta cildinde ısınma ve yanıklar | J13: Cilt hasarı ,/ Hasta konforunun azalması | K13: Hastalar | L13: Hastanın cildi ile mr cihaz bobinleri arasına yalıtkan malzeme yerleştirilmektedir. | M13: Tespit edilen tehlikeye dair görsel bulunmamaktadır. | N13: 3 | O13: 3 | P13: 15 | Q13: =IF(OR(ISBLANK(N13)=TRUE,ISBLANK(O13)=TRUE,ISBLANK(P13)=TRUE),"",PRODUCT(N13,O13,P13)) -> 135 | R13: =IF(Q13="","",IF(AND(Q13>=0,Q13<20),"DÜŞÜK RİSK",IF(AND(Q13>=20,Q13<70),"OLASI RİSK",IF(AND(Q13>=70,Q13<200),"ÖNEMLİ RİSK",IF(AND(Q13>=200,Q13<400),"YÜKSEK RİSK",IF(Q13>=400,"KABUL EDİLEMEZ RİSK","")))))) -> ÖNEMLİ RİSK | S13: Mevcut önlem devam ettirilmesi | T13: Hasta Bakım Hizmetleri Müdürlüğü | U13: Sürekli | V13: Alınacak önlemler uygulandığı takdirde, var olan tehlike kontrol altına alınacaktır. | W13: Sürekli | X13: Tespit edilen iyileştirmeye dair görsel bulunmamaktadır. | Y13: 1 | Z13: 3 | AA13: 15 | AB13: =IF(OR(ISBLANK(Y13)=TRUE,ISBLANK(Z13)=TRUE,ISBLANK(AA13)=TRUE),"",PRODUCT(Y13,Z13,AA13)) -> 45 | AC13: =IF(AB13="","",IF(AND(AB13>=0,AB13<20),"DÜŞÜK RİSK",IF(AND(AB13>=20,AB13<70),"OLASI RİSK",IF(AND(AB13>=70,AB13<200),"ÖNEMLİ RİSK",IF(AND(AB13>=200,AB13<400),"YÜKSEK RİSK",IF(AB13>=400,"KABUL EDİLEMEZ RİSK","")))))) -> OLASI RİSK | AD13: Diğer | AE13: Radyasyon Güvenliği Komitesi | AF13: Yapılan alan denetimlerinde herhangi bir uygunsuzluk tespit edilmemiştir. | AG13: Radyasyon Güvenliği Yönetmeliği
A14: 3133 | B14: 45877 | C14: İş Sağlığı ve Güvenliği | D14: Güvenlik - Ergonomik Risk Etmenler | E14: Radyoloji | F14: Radyoloji | G14: MR Cihaz Kallanımı | H14: Klostrofobi | I14: Hastanın kapalı alan korkusu | J14: Görüntüleme başarısızlığı / Hasta stresinde artış | K14: Hastalar | L14: Mr öncesinde hastaya prosedürün detaylı açıklanmaktadır. | M14: Tespit edilen tehlikeye dair görsel bulunmamaktadır. | N14: 1 | O14: 3 | P14: 7 | Q14: =IF(OR(ISBLANK(N14)=TRUE,ISBLANK(O14)=TRUE,ISBLANK(P14)=TRUE),"",PRODUCT(N14,O14,P14)) -> 21 | R14: =IF(Q14="","",IF(AND(Q14>=0,Q14<20),"DÜŞÜK RİSK",IF(AND(Q14>=20,Q14<70),"OLASI RİSK",IF(AND(Q14>=70,Q14<200),"ÖNEMLİ RİSK",IF(AND(Q14>=200,Q14<400),"YÜKSEK RİSK",IF(Q14>=400,"KABUL EDİLEMEZ RİSK","")))))) -> OLASI RİSK | S14: Mevcut önlem devam ettirilmesi | T14: Hasta Bakım Hizmetleri Müdürlüğü | U14: Sürekli | V14: Alınacak önlemler uygulandığı takdirde, var olan tehlike kontrol altına alınacaktır. | W14: Sürekli | X14: Tespit edilen iyileştirmeye dair görsel bulunmamaktadır. | Y14: 1 | Z14: 3 | AA14: 15 | AB14: =IF(OR(ISBLANK(Y14)=TRUE,ISBLANK(Z14)=TRUE,ISBLANK(AA14)=TRUE),"",PRODUCT(Y14,Z14,AA14)) -> 45 | AC14: =IF(AB14="","",IF(AND(AB14>=0,AB14<20),"DÜŞÜK RİSK",IF(AND(AB14>=20,AB14<70),"OLASI RİSK",IF(AND(AB14>=70,AB14<200),"ÖNEMLİ RİSK",IF(AND(AB14>=200,AB14<400),"YÜKSEK RİSK",IF(AB14>=400,"KABUL EDİLEMEZ RİSK","")))))) -> OLASI RİSK | AD14: Diğer | AE14: Radyasyon Güvenliği Komitesi | AF14: Yapılan alan denetimlerinde herhangi bir uygunsuzluk tespit edilmemiştir. | AG14: Radyasyon Güvenliği Yönetmeliği
A15: 3134 | B15: 45877 | C15: İş Sağlığı ve Güvenliği | D15: Güvenlik - Fiziksel Risk Etmenleri | E15: Radyoloji | F15: Radyoloji | G15: Denetimli ve Gözetimli Alanlar | H15: Duvar,kapı ve pencerelerin radyasyon koruyucu özellikte olmaması | I15: Radyasyonun denetimli alanlardan dış çevreye yayılması nedeniyle radyasyon maruziyeti | J15: Uzun vadede kanser hastalıkları / Alan güvenliği ihlali | K15: Hastalar / Hasta Yakınları / Çalışanlar / Ziyaretçiler | L15: Denetimli alanların duvar,kapı elemanları kurşun kaplama ve radyasyon geçirmez malzemelerden inşa edilmiştir. Alanlarda olası radyasyon kaçağı tespiti için alan doz ölçümleri yapılmaktadır. | M15: Tespit edilen tehlikeye dair görsel bulunmamaktadır. | N15: 0.5 | O15: 6 | P15: 7 | Q15: =IF(OR(ISBLANK(N15)=TRUE,ISBLANK(O15)=TRUE,ISBLANK(P15)=TRUE),"",PRODUCT(N15,O15,P15)) -> 21 | R15: =IF(Q15="","",IF(AND(Q15>=0,Q15<20),"DÜŞÜK RİSK",IF(AND(Q15>=20,Q15<70),"OLASI RİSK",IF(AND(Q15>=70,Q15<200),"ÖNEMLİ RİSK",IF(AND(Q15>=200,Q15<400),"YÜKSEK RİSK",IF(Q15>=400,"KABUL EDİLEMEZ RİSK","")))))) -> OLASI RİSK | S15: Mevcut önlem devam ettirilmesi | T15: Teknik Hizmetler Müdürlüğü | U15: Sürekli | V15: Alınacak önlemler uygulandığı takdirde, var olan tehlike kontrol altına alınacaktır. | W15: Sürekli | X15: Tespit edilen iyileştirmeye dair görsel bulunmamaktadır. | Y15: 0.5 | Z15: 6 | AA15: 7 | AB15: =IF(OR(ISBLANK(Y15)=TRUE,ISBLANK(Z15)=TRUE,ISBLANK(AA15)=TRUE),"",PRODUCT(Y15,Z15,AA15)) -> 21 | AC15: =IF(AB15="","",IF(AND(AB15>=0,AB15<20),"DÜŞÜK RİSK",IF(AND(AB15>=20,AB15<70),"OLASI RİSK",IF(AND(AB15>=70,AB15<200),"ÖNEMLİ RİSK",IF(AND(AB15>=200,AB15<400),"YÜKSEK RİSK",IF(AB15>=400,"KABUL EDİLEMEZ RİSK","")))))) -> OLASI RİSK | AD15: Diğer | AE15: Radyasyon Güvenliği Komitesi | AF15: Yapılan saha denetimlerinde herangi bir uygunsuzluk tespit edilmemiştir. | AG15: İşyeri Bina ve Eklentilerinde Alınacak Sağlık ve Güvenlik Önlemlerine İlişkin Yönetmelik
A16: 3135 | B16: 45877 | C16: İş Sağlığı ve Güvenliği | D16: Güvenlik - Fiziksel Risk Etmenleri | E16: Radyoloji | F16: Radyoloji | G16: Denetimli ve Gözetimli Alanlar | H16: Çalışanda bilgi ve eğitim eksikliği | I16: Çalışanların denetimli ve gözetimli alanın farkını anlamaması | J16: Uzun vadede kanser hastalıkları / Alan güvenliği ihlali / Hasta güvenliği ihlali | K16: Hastalar / Hasta Yakınları / Çalışanlar / Ziyaretçiler | L16: Çalışanlara radyasyon güvenliği eğitimleri verilmiştir. Eğitimler sonunda çalışanların değerlendirilmesi ve çalışanın başarı oranına göre eğitimler yenilenmektedir. | M16: Tespit edilen tehlikeye dair görsel bulunmamaktadır. | N16: 0.5 | O16: 1 | P16: 7 | Q16: =IF(OR(ISBLANK(N16)=TRUE,ISBLANK(O16)=TRUE,ISBLANK(P16)=TRUE),"",PRODUCT(N16,O16,P16)) -> 3.5 | R16: =IF(Q16="","",IF(AND(Q16>=0,Q16<20),"DÜŞÜK RİSK",IF(AND(Q16>=20,Q16<70),"OLASI RİSK",IF(AND(Q16>=70,Q16<200),"ÖNEMLİ RİSK",IF(AND(Q16>=200,Q16<400),"YÜKSEK RİSK",IF(Q16>=400,"KABUL EDİLEMEZ RİSK","")))))) -> DÜŞÜK RİSK | S16: Mevcut önlem devam ettirilmesi | T16: Hasta Bakım Hizmetleri Müdürlüğü | U16: Sürekli | V16: Alınacak önlemler uygulandığı takdirde, var olan tehlike kontrol altına alınacaktır. | W16: Sürekli | X16: Tespit edilen iyileştirmeye dair görsel bulunmamaktadır. | Y16: 0.5 | Z16: 1 | AA16: 7 | AB16: =IF(OR(ISBLANK(Y16)=TRUE,ISBLANK(Z16)=TRUE,ISBLANK(AA16)=TRUE),"",PRODUCT(Y16,Z16,AA16)) -> 3.5 | AC16: =IF(AB16="","",IF(AND(AB16>=0,AB16<20),"DÜŞÜK RİSK",IF(AND(AB16>=20,AB16<70),"OLASI RİSK",IF(AND(AB16>=70,AB16<200),"ÖNEMLİ RİSK",IF(AND(AB16>=200,AB16<400),"YÜKSEK RİSK",IF(AB16>=400,"KABUL EDİLEMEZ RİSK","")))))) -> DÜŞÜK RİSK | AD16: Sınav / Değerlendirme | AE16: Radyasyon Güvenliği Komitesi | AF16: Eğitim katılım formları kayıt altına alınmaktadır. | AG16: Radyasyon Güvenliği Yönetmeliği / Kişisel Koruyucu Donanımların İşyerlerinde Kullanımı Hakkında Yönetmelik
A17: 3136 | B17: 45877 | C17: İş Sağlığı ve Güvenliği | D17: Güvenlik - Fiziksel Risk Etmenleri | E17: Radyoloji | F17: Radyoloji | G17: Denetimli ve Gözetimli Alanlar | H17: Radyasyon maruziyetinin yetersiz izlenmesi | I17: Denetimli alanlarda çalışan personelin radyasyon dozunun sürekli izlenmemesi | J17: Çalışan sağlığının tehlikeye girmesi | K17: Hastalar / Hasta Yakınları / Çalışanlar / Ziyaretçiler | L17: Denetimli alanlarda çalışan personeller için kişisel dozimetre kullanımının zorunlu hale getirilmiştir. Gözetimli alanlardaki radyasyon seviyeleri düzenli ölçülmekted ve kayıt altına alınmaktadır. | M17: Tespit edilen tehlikeye dair görsel bulunmamaktadır. | N17: 1 | O17: 1 | P17: 7 | Q17: =IF(OR(ISBLANK(N17)=TRUE,ISBLANK(O17)=TRUE,ISBLANK(P17)=TRUE),"",PRODUCT(N17,O17,P17)) -> 7 | R17: =IF(Q17="","",IF(AND(Q17>=0,Q17<20),"DÜŞÜK RİSK",IF(AND(Q17>=20,Q17<70),"OLASI RİSK",IF(AND(Q17>=70,Q17<200),"ÖNEMLİ RİSK",IF(AND(Q17>=200,Q17<400),"YÜKSEK RİSK",IF(Q17>=400,"KABUL EDİLEMEZ RİSK","")))))) -> DÜŞÜK RİSK | S17: Mevcut önlem devam ettirilmesi | T17: Diğer | U17: Sürekli | V17: Alınacak önlemler uygulandığı takdirde, var olan tehlike kontrol altına alınacaktır. | W17: Sürekli | X17: Tespit edilen iyileştirmeye dair görsel bulunmamaktadır. | Y17: 1 | Z17: 1 | AA17: 7 | AB17: =IF(OR(ISBLANK(Y17)=TRUE,ISBLANK(Z17)=TRUE,ISBLANK(AA17)=TRUE),"",PRODUCT(Y17,Z17,AA17)) -> 7 | AC17: =IF(AB17="","",IF(AND(AB17>=0,AB17<20),"DÜŞÜK RİSK",IF(AND(AB17>=20,AB17<70),"OLASI RİSK",IF(AND(AB17>=70,AB17<200),"ÖNEMLİ RİSK",IF(AND(AB17>=200,AB17<400),"YÜKSEK RİSK",IF(AB17>=400,"KABUL EDİLEMEZ RİSK","")))))) -> DÜŞÜK RİSK | AD17: Belgelendirme (Rapor, Tatbikat, Kayıt vb.) | AE17: Radyasyon Güvenliği Komitesi | AF17: Ölçüm donuçlarında herhangi bir olumsuz durum tespit edilmemiştir. | AG17: Radyasyon Güvenliği Yönetmeliği / Kişisel Koruyucu Donanımların İşyerlerinde Kullanımı Hakkında Yönetmelik
A18: 3137 | B18: 45877 | C18: Tesis Güvenliği | D18: Tıbbi Cihaz ve Malzeme Yönetimi | E18: Radyoloji | F18: Radyoloji | G18: Doz Kalibratörleri Kullanımı | H18: Hatalı kalibrasyon | I18: Hastalara gereğinden fazla veya az dozda radyoaktif madde verilmesi | J18: Uzun vadeli sağlık sorunları / Tedavi süreçlerinin başarısız olması | K18: Hasta / Hekim / Tekniker / Temizlik Görevlisi / Tıbbi Atık Personeli | L18: Doz kalibratörlerinin uygunluluğunun yapılan planlamalar doğrultusunda (yılda en az bir defa) test ve kontrollerinin yapılmaktadır. Kullanım sırasında çift kontrol prosedürleri uygulanmaktadır. | M18: Tespit edilen tehlikeye dair görsel bulunmamaktadır. | N18: 1 | O18: 1 | P18: 40 | Q18: =IF(OR(ISBLANK(N18)=TRUE,ISBLANK(O18)=TRUE,ISBLANK(P18)=TRUE),"",PRODUCT(N18,O18,P18)) -> 40 | R18: =IF(Q18="","",IF(AND(Q18>=0,Q18<20),"DÜŞÜK RİSK",IF(AND(Q18>=20,Q18<70),"OLASI RİSK",IF(AND(Q18>=70,Q18<200),"ÖNEMLİ RİSK",IF(AND(Q18>=200,Q18<400),"YÜKSEK RİSK",IF(Q18>=400,"KABUL EDİLEMEZ RİSK","")))))) -> OLASI RİSK | S18: Mevcut önlem devam ettirilmelidir. | T18: Biyomedikal Müdürlüğü | U18: Sürekli | V18: Alınacak önlemler uygulandığı takdirde var olan tehlike kontrol altına alınacaktır. | W18: Sürekli | X18: Tespit edilen iyileştirmeye dair görsel bulunmamaktadır. | Y18: 1 | Z18: 1 | AA18: 7 | AB18: =IF(OR(ISBLANK(Y18)=TRUE,ISBLANK(Z18)=TRUE,ISBLANK(AA18)=TRUE),"",PRODUCT(Y18,Z18,AA18)) -> 7 | AC18: =IF(AB18="","",IF(AND(AB18>=0,AB18<20),"DÜŞÜK RİSK",IF(AND(AB18>=20,AB18<70),"OLASI RİSK",IF(AND(AB18>=70,AB18<200),"ÖNEMLİ RİSK",IF(AND(AB18>=200,AB18<400),"YÜKSEK RİSK",IF(AB18>=400,"KABUL EDİLEMEZ RİSK","")))))) -> DÜŞÜK RİSK | AD18: Gösterge Takibi | AE18: Biyomedikal Müdürlüğü | AF18: Kalibrasyonları yapılmıştır. | AG18: Tıbbi Cihazların Test, Kontrol ve Kalibrasyonu Hakkında Yönetmelik
A19: 3138 | B19: 45877 | C19: Tesis Güvenliği | D19: Tıbbi Cihaz ve Malzeme Yönetimi | E19: Radyoloji | F19: Radyoloji | G19: Radyasyon Dedektörleri ve Geiger Sayacı Kullanımı | H19: Dedektörlerin hatalı ölçüm yapması | I19: Radyasyon sızıntısının farkedilememesi veya yanlış değerlendirilmesi | J19: Çalışanların ve çevrenin gereksiz radyasyona maruz kalması | K19: Hasta / Hekim / Tekniker / Temizlik Görevlisi / Tıbbi Atık Personeli | L19: Planlama doğrultusunda üretici firma talimatları doğrultusunda kalibrasyonları yapılmaktadır. | M19: Tespit edilen tehlikeye dair görsel bulunmamaktadır. | N19: 1 | O19: 1 | P19: 40 | Q19: =IF(OR(ISBLANK(N19)=TRUE,ISBLANK(O19)=TRUE,ISBLANK(P19)=TRUE),"",PRODUCT(N19,O19,P19)) -> 40 | R19: =IF(Q19="","",IF(AND(Q19>=0,Q19<20),"DÜŞÜK RİSK",IF(AND(Q19>=20,Q19<70),"OLASI RİSK",IF(AND(Q19>=70,Q19<200),"ÖNEMLİ RİSK",IF(AND(Q19>=200,Q19<400),"YÜKSEK RİSK",IF(Q19>=400,"KABUL EDİLEMEZ RİSK","")))))) -> OLASI RİSK | S19: Mevcut önlem devam ettirilmelidir. | T19: Biyomedikal Müdürlüğü | U19: Sürekli | V19: Alınacak önlemler uygulandığı takdirde var olan tehlike kontrol altına alınacaktır. | W19: Sürekli | X19: Tespit edilen iyileştirmeye dair görsel bulunmamaktadır. | Y19: 1 | Z19: 1 | AA19: 7 | AB19: =IF(OR(ISBLANK(Y19)=TRUE,ISBLANK(Z19)=TRUE,ISBLANK(AA19)=TRUE),"",PRODUCT(Y19,Z19,AA19)) -> 7 | AC19: =IF(AB19="","",IF(AND(AB19>=0,AB19<20),"DÜŞÜK RİSK",IF(AND(AB19>=20,AB19<70),"OLASI RİSK",IF(AND(AB19>=70,AB19<200),"ÖNEMLİ RİSK",IF(AND(AB19>=200,AB19<400),"YÜKSEK RİSK",IF(AB19>=400,"KABUL EDİLEMEZ RİSK","")))))) -> DÜŞÜK RİSK | AD19: Gösterge Takibi | AE19: Biyomedikal Müdürlüğü | AF19: Kalibrasyonları yapılmıştır. | AG19: Tıbbi Cihazların Test, Kontrol ve Kalibrasyonu Hakkında Yönetmelik
A20: 3139 | B20: 45877 | C20: İş Sağlığı ve Güvenliği | D20: Güvenlik - Fiziksel Risk Etmenleri | E20: Radyoloji | F20: Radyoloji | G20: Kazaya Sebep Olabilecek Durumların Tespiti | H20: Zemindeki deformasyonlar | I20: Takılma / Düşme / Çarpma | J20: Yaralanmalar / Enfeksiyon | K20: Hastalar / Hasta Yakınları / Çalışanlar / Ziyaretçiler | L20: Zemindeki deformasyonlar üzerinden tespiti halinde tasviye yapılmaktır. | M20: Tespit edilen tehlikeye dair görsel bulunmamaktadır. | N20: 1 | O20: 6 | P20: 3 | Q20: =IF(OR(ISBLANK(N20)=TRUE,ISBLANK(O20)=TRUE,ISBLANK(P20)=TRUE),"",PRODUCT(N20,O20,P20)) -> 18 | R20: =IF(Q20="","",IF(AND(Q20>=0,Q20<20),"DÜŞÜK RİSK",IF(AND(Q20>=20,Q20<70),"OLASI RİSK",IF(AND(Q20>=70,Q20<200),"ÖNEMLİ RİSK",IF(AND(Q20>=200,Q20<400),"YÜKSEK RİSK",IF(Q20>=400,"KABUL EDİLEMEZ RİSK","")))))) -> DÜŞÜK RİSK | S20: Mevcut önlem devam ettirilmelidir. | T20: Teknik Hizmetler Müdürlüğü | U20: Sürekli | V20: Zemindeki hasarlı pvc malzemeleri kaldırılmış olup yeni kaplama ile değiştirilmiştir. | W20: Sürekli | X20: Tespit edilen iyileştirmeye dair görsel bulunmamaktadır. | Y20: 1 | Z20: 1 | AA20: 3 | AB20: =IF(OR(ISBLANK(Y20)=TRUE,ISBLANK(Z20)=TRUE,ISBLANK(AA20)=TRUE),"",PRODUCT(Y20,Z20,AA20)) -> 3 | AC20: =IF(AB20="","",IF(AND(AB20>=0,AB20<20),"DÜŞÜK RİSK",IF(AND(AB20>=20,AB20<70),"OLASI RİSK",IF(AND(AB20>=70,AB20<200),"ÖNEMLİ RİSK",IF(AND(AB20>=200,AB20<400),"YÜKSEK RİSK",IF(AB20>=400,"KABUL EDİLEMEZ RİSK","")))))) -> DÜŞÜK RİSK | AD20: Diğer | AE20: Teknik Hizmetler Müdürlüğü | AF20: Yapılan saha denetimlerinde herangi bir uygunsuzluk tespit edilmemiştir. | AG20: İşyeri Bina ve Eklentilerinde Alınacak Sağlık ve Güvenlik Önlemlerine İlişkin Yönetmelik
A21: 3140 | B21: 45877 | C21: İş Sağlığı ve Güvenliği | D21: Güvenlik - Fiziksel Risk Etmenleri | E21: Radyoloji | F21: Radyoloji | G21: Kazaya Sebep Olabilecek Durumların Tespiti | H21: Oda girişlerindeki ve içindeki kot farkları, zemin farklılıkları | I21: Takılma / Düşme / Çarpma | J21: Yaralanmalar | K21: Hastalar / Hasta Yakınları / Çalışanlar / Ziyaretçiler | L21: Zemindeki kot farklılıklarını kapatmak için dolgu yapılmaktadır ve/veya farkındalık oluşturması için farklı renklendirme yapılmaktadır. | M21: Tespit edilen tehlikeye dair görsel bulunmamaktadır. | N21: 1 | O21: 3 | P21: 3 | Q21: =IF(OR(ISBLANK(N21)=TRUE,ISBLANK(O21)=TRUE,ISBLANK(P21)=TRUE),"",PRODUCT(N21,O21,P21)) -> 9 | R21: =IF(Q21="","",IF(AND(Q21>=0,Q21<20),"DÜŞÜK RİSK",IF(AND(Q21>=20,Q21<70),"OLASI RİSK",IF(AND(Q21>=70,Q21<200),"ÖNEMLİ RİSK",IF(AND(Q21>=200,Q21<400),"YÜKSEK RİSK",IF(Q21>=400,"KABUL EDİLEMEZ RİSK","")))))) -> DÜŞÜK RİSK | S21: Mevcut önlem devam ettirilmelidir. | T21: Teknik Hizmetler Müdürlüğü | U21: Sürekli | V21: Alınacak önlemler uygulandığı takdirde, var olan tehlike kontrol altına alınacaktır. | W21: 45583 | X21: Tespit edilen iyileştirmeye dair görsel bulunmamaktadır. | Y21: 1 | Z21: 1 | AA21: 3 | AB21: =IF(OR(ISBLANK(Y21)=TRUE,ISBLANK(Z21)=TRUE,ISBLANK(AA21)=TRUE),"",PRODUCT(Y21,Z21,AA21)) -> 3 | AC21: =IF(AB21="","",IF(AND(AB21>=0,AB21<20),"DÜŞÜK RİSK",IF(AND(AB21>=20,AB21<70),"OLASI RİSK",IF(AND(AB21>=70,AB21<200),"ÖNEMLİ RİSK",IF(AND(AB21>=200,AB21<400),"YÜKSEK RİSK",IF(AB21>=400,"KABUL EDİLEMEZ RİSK","")))))) -> DÜŞÜK RİSK | AD21: Diğer | AE21: Teknik Hizmetler Müdürlüğü | AF21: Yapılan saha denetimlerinde herangi bir uygunsuzluk tespit edilmemiştir. | AG21: İşyeri Bina ve Eklentilerinde Alınacak Sağlık ve Güvenlik Önlemlerine İlişkin Yönetmelik
A22: 3141 | B22: 45877 | C22: İş Sağlığı ve Güvenliği | D22: Güvenlik - Fiziksel Risk Etmenleri | E22: Radyoloji | F22: Radyoloji | G22: Kazaya Sebep Olabilecek Durumların Tespiti | H22: Zeminde temizlik sonrası kayganlık oluşması | I22: Kayma / Düşme | J22: Yaralanmalar | K22: Hastalar / Hasta Yakınları / Çalışanlar / Ziyaretçiler | L22: Çalışma esnasında ön ve arka tarafa iki taraflı alanda farkındalık olacak şekilde uyarı tabelalarının yerleştirilmektedir. | M22: Tespit edilen tehlikeye dair görsel bulunmamaktadır. | N22: 3 | O22: 3 | P22: 3 | Q22: =IF(OR(ISBLANK(N22)=TRUE,ISBLANK(O22)=TRUE,ISBLANK(P22)=TRUE),"",PRODUCT(N22,O22,P22)) -> 27 | R22: =IF(Q22="","",IF(AND(Q22>=0,Q22<20),"DÜŞÜK RİSK",IF(AND(Q22>=20,Q22<70),"OLASI RİSK",IF(AND(Q22>=70,Q22<200),"ÖNEMLİ RİSK",IF(AND(Q22>=200,Q22<400),"YÜKSEK RİSK",IF(Q22>=400,"KABUL EDİLEMEZ RİSK","")))))) -> OLASI RİSK | S22: Mevcut önlem devam ettirilmelidir. | T22: Otelcilik ve Destek Hizmetleri Müdürlüğü | U22: Sürekli | V22: Personelin konu hakkında eğitiminin tamamlaması ve alınacak önlemler uygulandığı takdirde var olan tehlike kontrol altına alınacaktır. | W22: Sürekli | X22: Tespit edilen iyileştirmeye dair görsel bulunmamaktadır. | Y22: 1 | Z22: 1 | AA22: 3 | AB22: =IF(OR(ISBLANK(Y22)=TRUE,ISBLANK(Z22)=TRUE,ISBLANK(AA22)=TRUE),"",PRODUCT(Y22,Z22,AA22)) -> 3 | AC22: =IF(AB22="","",IF(AND(AB22>=0,AB22<20),"DÜŞÜK RİSK",IF(AND(AB22>=20,AB22<70),"OLASI RİSK",IF(AND(AB22>=70,AB22<200),"ÖNEMLİ RİSK",IF(AND(AB22>=200,AB22<400),"YÜKSEK RİSK",IF(AB22>=400,"KABUL EDİLEMEZ RİSK","")))))) -> DÜŞÜK RİSK | AD22: Sınav / Değerlendirme | AE22: Otelcilik ve Destek Hizmetleri Müdürlüğü | AF22: Yüzyüze yapılan soru-cevapla yapılan değerlendirmelerde uygunsuzluk tespit edilmemiştir. | AG22: İşyeri Bina ve Eklentilerinde Alınacak Sağlık ve Güvenlik Önlemlerine İlişkin Yönetmelik
A23: 3142 | B23: 45877 | C23: İş Sağlığı ve Güvenliği | D23: Güvenlik - Fiziksel Risk Etmenleri | E23: Radyoloji | F23: Radyoloji | G23: Kazaya Sebep Olabilecek Durumların Tespiti | H23: Zemine, duvara sabitlenmemiş yüksek eşyalar ve/veya ağır eşyaların olması | I23: Eşyaların montaj yerinden gevşemesi veya çıkması sonucu düşmesi-devrilmesi | J23: Yaralanmalar | K23: Hastalar / Çalışanlar | L23: Sabitlenmemiş dolap,raf,çerçeve vb. eşyaların tespit edilerek montajları yapılmıştır. | M23: Tespit edilen tehlikeye dair görsel bulunmamaktadır. | N23: 1 | O23: 6 | P23: 7 | Q23: =IF(OR(ISBLANK(N23)=TRUE,ISBLANK(O23)=TRUE,ISBLANK(P23)=TRUE),"",PRODUCT(N23,O23,P23)) -> 42 | R23: =IF(Q23="","",IF(AND(Q23>=0,Q23<20),"DÜŞÜK RİSK",IF(AND(Q23>=20,Q23<70),"OLASI RİSK",IF(AND(Q23>=70,Q23<200),"ÖNEMLİ RİSK",IF(AND(Q23>=200,Q23<400),"YÜKSEK RİSK",IF(Q23>=400,"KABUL EDİLEMEZ RİSK","")))))) -> OLASI RİSK | S23: Mevcut önlem devam ettirilmelidir. | T23: Teknik Hizmetler Müdürlüğü | U23: Sürekli | V23: Alınacak önlemler uygulandığı takdirde, var olan tehlike kontrol altına alınacaktır. | W23: Sürekli | X23: Tespit edilen iyileştirmeye dair görsel bulunmamaktadır. | Y23: 1 | Z23: 3 | AA23: 3 | AB23: =IF(OR(ISBLANK(Y23)=TRUE,ISBLANK(Z23)=TRUE,ISBLANK(AA23)=TRUE),"",PRODUCT(Y23,Z23,AA23)) -> 9 | AC23: =IF(AB23="","",IF(AND(AB23>=0,AB23<20),"DÜŞÜK RİSK",IF(AND(AB23>=20,AB23<70),"OLASI RİSK",IF(AND(AB23>=70,AB23<200),"ÖNEMLİ RİSK",IF(AND(AB23>=200,AB23<400),"YÜKSEK RİSK",IF(AB23>=400,"KABUL EDİLEMEZ RİSK","")))))) -> DÜŞÜK RİSK | AD23: Diğer | AE23: Teknik Hizmetler Müdürlüğü | AF23: Yapılan saha denetimlerinde herangi bir uygunsuzluk tespit edilmemiştir. | AG23: İşyeri Bina ve Eklentilerinde Alınacak Sağlık ve Güvenlik Önlemlerine İlişkin Yönetmelik
A24: 3143 | B24: 45877 | C24: İş Sağlığı ve Güvenliği | D24: Güvenlik - Fiziksel Risk Etmenleri | E24: Radyoloji | F24: Radyoloji | G24: Tedavi Tepsileri ve Sharp-boxların Kullanımı | H24: Sharp-box Tepsilerinin kırık olması | I24: Tepsilerin tutulma esnasında keskin taraflarının ele batması | J24: Yaralanmalar / Enfeksiyon | K24: Çalışanlar | L24: Kullanan kişiler tarafından tespit edilmesi halinde kullanımının bırakılmaktadır ve yenisi ile değiştirilmektedir. | M24: Tespit edilen tehlikeye dair görsel bulunmamaktadır. | N24: 3 | O24: 6 | P24: 3 | Q24: =IF(OR(ISBLANK(N24)=TRUE,ISBLANK(O24)=TRUE,ISBLANK(P24)=TRUE),"",PRODUCT(N24,O24,P24)) -> 54 | R24: =IF(Q24="","",IF(AND(Q24>=0,Q24<20),"DÜŞÜK RİSK",IF(AND(Q24>=20,Q24<70),"OLASI RİSK",IF(AND(Q24>=70,Q24<200),"ÖNEMLİ RİSK",IF(AND(Q24>=200,Q24<400),"YÜKSEK RİSK",IF(Q24>=400,"KABUL EDİLEMEZ RİSK","")))))) -> OLASI RİSK | S24: Mevcut önlem devam ettirilmelidir. | T24: Satınalma Müdürlüğü | U24: 2 ay | V24: Alınacak önlemler uygulandığı takdirde, var olan tehlike kontrol altına alınacaktır. | W24: 45591 | X24: Tespit edilen iyileştirmeye dair görsel bulunmamaktadır. | Y24: 1 | Z24: 3 | AA24: 3 | AB24: =IF(OR(ISBLANK(Y24)=TRUE,ISBLANK(Z24)=TRUE,ISBLANK(AA24)=TRUE),"",PRODUCT(Y24,Z24,AA24)) -> 9 | AC24: =IF(AB24="","",IF(AND(AB24>=0,AB24<20),"DÜŞÜK RİSK",IF(AND(AB24>=20,AB24<70),"OLASI RİSK",IF(AND(AB24>=70,AB24<200),"ÖNEMLİ RİSK",IF(AND(AB24>=200,AB24<400),"YÜKSEK RİSK",IF(AB24>=400,"KABUL EDİLEMEZ RİSK","")))))) -> DÜŞÜK RİSK | AD24: Diğer | AE24: Satınalma Müdürlüğü | AF24: Yapılan saha denetimlerinde herangi bir uygunsuzluk tespit edilmemiştir. | AG24: İşyeri Ekipmanlarının Güvenli Kullanılması Hakkında Yönetmelik
A25: 3144 | B25: 45877 | C25: İş Sağlığı ve Güvenliği | D25: Güvenlik - Fiziksel Risk Etmenleri | E25: Radyoloji | F25: Radyoloji | G25: Tıbbi Cihazların Kat İçinde Konumlandırılması | H25: Tıbbi cihaz park alanın bulunmaması | I25: Koridor, geçiş alanlarına yapılan gelişigüzel bırakılan cihazlara çarpma, takılma, düşme | J25: Yaralanmalar | K25: Çalışanlar | L25: Kat içinde geçiş/kaçış yollarına engel olmayacak alanlarda park alanı oluşturulmuştur. | M25: Tespit edilen tehlikeye dair görsel bulunmamaktadır. | N25: 1 | O25: 3 | P25: 1 | Q25: =IF(OR(ISBLANK(N25)=TRUE,ISBLANK(O25)=TRUE,ISBLANK(P25)=TRUE),"",PRODUCT(N25,O25,P25)) -> 3 | R25: =IF(Q25="","",IF(AND(Q25>=0,Q25<20),"DÜŞÜK RİSK",IF(AND(Q25>=20,Q25<70),"OLASI RİSK",IF(AND(Q25>=70,Q25<200),"ÖNEMLİ RİSK",IF(AND(Q25>=200,Q25<400),"YÜKSEK RİSK",IF(Q25>=400,"KABUL EDİLEMEZ RİSK","")))))) -> DÜŞÜK RİSK | S25: Mevcut önlem devam ettirilmelidir. | T25: Teknik Hizmetler Müdürlüğü | U25: Sürekli | V25: Alınacak önlemler uygulandığı takdirde, var olan tehlike kontrol altına alınacaktır. | W25: Sürekli | X25: Tespit edilen iyileştirmeye dair görsel bulunmamaktadır. | Y25: 1 | Z25: 3 | AA25: 1 | AB25: =IF(OR(ISBLANK(Y25)=TRUE,ISBLANK(Z25)=TRUE,ISBLANK(AA25)=TRUE),"",PRODUCT(Y25,Z25,AA25)) -> 3 | AC25: =IF(AB25="","",IF(AND(AB25>=0,AB25<20),"DÜŞÜK RİSK",IF(AND(AB25>=20,AB25<70),"OLASI RİSK",IF(AND(AB25>=70,AB25<200),"ÖNEMLİ RİSK",IF(AND(AB25>=200,AB25<400),"YÜKSEK RİSK",IF(AB25>=400,"KABUL EDİLEMEZ RİSK","")))))) -> DÜŞÜK RİSK | AD25: Diğer | AE25: Teknik Hizmetler Müdürlüğü | AF25: Yapılan saha denetimlerinde herangi bir uygunsuzluk tespit edilmemiştir. | AG25: İşyeri Bina ve Eklentilerinde Alınacak Sağlık ve Güvenlik Önlemlerine İlişkin Yönetmelik
A26: 3145 | B26: 45877 | C26: İş Sağlığı ve Güvenliği | D26: Güvenlik - Fiziksel Risk Etmenleri | E26: Radyoloji | F26: Radyoloji | G26: Serbest Çalışma Alanının Belirlenmesi | H26: Malzemelerin ağırlık sırasına göre yerleştririlmemesi | I26: Devrilme / Düşme | J26: Yaralanmalar | K26: Çalışanlar | L26: Dolap ve raflarda malzeme ve/veya ürünün ağırlıklarına göre istifleme yapılmakta ve kontrolü sağlanmaktadır. Yanıcı malzeme mevcut ise kullanılan raf veya dolapta en alt kademeye konumlandırılmaktadır. | M26: Tespit edilen tehlikeye dair görsel bulunmamaktadır. | N26: 0.5 | O26: 1 | P26: 3 | Q26: =IF(OR(ISBLANK(N26)=TRUE,ISBLANK(O26)=TRUE,ISBLANK(P26)=TRUE),"",PRODUCT(N26,O26,P26)) -> 1.5 | R26: =IF(Q26="","",IF(AND(Q26>=0,Q26<20),"DÜŞÜK RİSK",IF(AND(Q26>=20,Q26<70),"OLASI RİSK",IF(AND(Q26>=70,Q26<200),"ÖNEMLİ RİSK",IF(AND(Q26>=200,Q26<400),"YÜKSEK RİSK",IF(Q26>=400,"KABUL EDİLEMEZ RİSK","")))))) -> DÜŞÜK RİSK | S26: Mevcut önlem devam ettirilmelidir. | T26: Teknik Hizmetler Müdürlüğü | U26: Sürekli | V26: Alınacak önlemler uygulandığı takdirde, var olan tehlike kontrol altına alınacaktır. | W26: Sürekli | X26: Tespit edilen iyileştirmeye dair görsel bulunmamaktadır. | Y26: 0.5 | Z26: 1 | AA26: 3 | AB26: =IF(OR(ISBLANK(Y26)=TRUE,ISBLANK(Z26)=TRUE,ISBLANK(AA26)=TRUE),"",PRODUCT(Y26,Z26,AA26)) -> 1.5 | AC26: =IF(AB26="","",IF(AND(AB26>=0,AB26<20),"DÜŞÜK RİSK",IF(AND(AB26>=20,AB26<70),"OLASI RİSK",IF(AND(AB26>=70,AB26<200),"ÖNEMLİ RİSK",IF(AND(AB26>=200,AB26<400),"YÜKSEK RİSK",IF(AB26>=400,"KABUL EDİLEMEZ RİSK","")))))) -> DÜŞÜK RİSK | AD26: Diğer | AE26: Teknik Hizmetler Müdürlüğü | AF26: Yapılan saha denetimlerinde herangi bir uygunsuzluk tespit edilmemiştir. | AG26: İşyeri Bina ve Eklentilerinde Alınacak Sağlık ve Güvenlik Önlemlerine İlişkin Yönetmelik
A27: 3146 | B27: 45877 | C27: İş Sağlığı ve Güvenliği | D27: Güvenlik - Fiziksel Risk Etmenleri | E27: Radyoloji | F27: Radyoloji | G27: Kişisel Koruyucu Donanımların Kullanımı | H27: Kişisek koruyucu ekipmaların hasarlı olması | I27: Koruyucu ekipmanların işlevini yerine getirememesi | J27: Ramak kala olay / İş kazası | K27: Çalışanlar | L27: Personellere Kişisel Koruyucu Donanım kullanımının zorunluluğu hakkında eğitim verilmektedir. Hasarlı kişisel koruyucu ekipmanların kullanım dışı bırakılmakta olup yenisi ile değiştirmektedir. | M27: Tespit edilen tehlikeye dair görsel bulunmamaktadır. | N27: 0.5 | O27: 0.5 | P27: 7 | Q27: =IF(OR(ISBLANK(N27)=TRUE,ISBLANK(O27)=TRUE,ISBLANK(P27)=TRUE),"",PRODUCT(N27,O27,P27)) -> 1.75 | R27: =IF(Q27="","",IF(AND(Q27>=0,Q27<20),"DÜŞÜK RİSK",IF(AND(Q27>=20,Q27<70),"OLASI RİSK",IF(AND(Q27>=70,Q27<200),"ÖNEMLİ RİSK",IF(AND(Q27>=200,Q27<400),"YÜKSEK RİSK",IF(Q27>=400,"KABUL EDİLEMEZ RİSK","")))))) -> DÜŞÜK RİSK | S27: Mevcut önlem devam ettirilmelidir. | T27: İş Sağlığı ve Güvenliği | U27: Sürekli | V27: Alınacak önlemler uygulandığı takdirde, var olan tehlike kontrol altına alınacaktır. | W27: Sürekli | X27: Tespit edilen iyileştirmeye dair görsel bulunmamaktadır. | Y27: 0.5 | Z27: 0.5 | AA27: 7 | AB27: =IF(OR(ISBLANK(Y27)=TRUE,ISBLANK(Z27)=TRUE,ISBLANK(AA27)=TRUE),"",PRODUCT(Y27,Z27,AA27)) -> 1.75 | AC27: =IF(AB27="","",IF(AND(AB27>=0,AB27<20),"DÜŞÜK RİSK",IF(AND(AB27>=20,AB27<70),"OLASI RİSK",IF(AND(AB27>=70,AB27<200),"ÖNEMLİ RİSK",IF(AND(AB27>=200,AB27<400),"YÜKSEK RİSK",IF(AB27>=400,"KABUL EDİLEMEZ RİSK","")))))) -> DÜŞÜK RİSK | AD27: Diğer | AE27: İş Sağlığı ve Güvenliği | AF27: Yapılan saha denetimlerinde herangi bir uygunsuzluk tespit edilmemiştir. | AG27: Kişisel Koruyucu Donanımların İşyerlerinde Kullanılması Hakkında Yönetmelik
A28: 3147 | B28: 45877 | C28: İş Sağlığı ve Güvenliği | D28: Güvenlik - Fiziksel Risk Etmenleri | E28: Radyoloji | F28: Radyoloji | G28: Serbest Çalışma Alanının Belirlenmesi | H28: Personel ve hastaların yeterli istifleme alanı bulunmaması | I28: Yüksek alanlara malzeme istiflenmesi / eşya bırakılması | J28: Yaralanmalar | K28: Çalışanlar | L28: Yeterli sayıda eşya ve ekipman dolabı bulunmaktadır. Dolap ve rafların amacının dışında kullanımı engellenmiştir. | M28: Tespit edilen tehlikeye dair görsel bulunmamaktadır. | N28: 0.5 | O28: 0.5 | P28: 3 | Q28: =IF(OR(ISBLANK(N28)=TRUE,ISBLANK(O28)=TRUE,ISBLANK(P28)=TRUE),"",PRODUCT(N28,O28,P28)) -> 0.75 | R28: =IF(Q28="","",IF(AND(Q28>=0,Q28<20),"DÜŞÜK RİSK",IF(AND(Q28>=20,Q28<70),"OLASI RİSK",IF(AND(Q28>=70,Q28<200),"ÖNEMLİ RİSK",IF(AND(Q28>=200,Q28<400),"YÜKSEK RİSK",IF(Q28>=400,"KABUL EDİLEMEZ RİSK","")))))) -> DÜŞÜK RİSK | S28: Mevcut önlem devam ettirilmelidir. | T28: Teknik Hizmetler Müdürlüğü | U28: Sürekli | V28: Alınacak önlemler uygulandığı takdirde, var olan tehlike kontrol altına alınacaktır. | W28: Sürekli | X28: Tespit edilen iyileştirmeye dair görsel bulunmamaktadır. | Y28: 0.5 | Z28: 0.5 | AA28: 3 | AB28: =IF(OR(ISBLANK(Y28)=TRUE,ISBLANK(Z28)=TRUE,ISBLANK(AA28)=TRUE),"",PRODUCT(Y28,Z28,AA28)) -> 0.75 | AC28: =IF(AB28="","",IF(AND(AB28>=0,AB28<20),"DÜŞÜK RİSK",IF(AND(AB28>=20,AB28<70),"OLASI RİSK",IF(AND(AB28>=70,AB28<200),"ÖNEMLİ RİSK",IF(AND(AB28>=200,AB28<400),"YÜKSEK RİSK",IF(AB28>=400,"KABUL EDİLEMEZ RİSK","")))))) -> DÜŞÜK RİSK | AD28: Diğer | AE28: Teknik Hizmetler Müdürlüğü | AF28: Yapılan saha denetimlerinde herangi bir uygunsuzluk tespit edilmemiştir. | AG28: İşyeri Bina ve Eklentilerinde Alınacak Sağlık ve Güvenlik Önlemlerine İlişkin Yönetmelik
A29: 3148 | B29: 45877 | C29: İş Sağlığı ve Güvenliği | D29: Güvenlik - Fiziksel Risk Etmenleri | E29: Radyoloji | F29: Radyoloji | G29: Denetimli ve Gözetimli Alanlar | H29: Duvar,kapı ve pencerelerin radyasyon koruyucu özellikte olmaması | I29: Radyasyonun denetimli alanlardan dış çevreye yayılması nedeniyle radyasyon maruziyeti | J29: Uzun vadede kanser hastalıkları / Alan güvenliği ihlali | K29: Hastalar / Hasta Yakınları / Çalışanlar / Ziyaretçiler | L29: Denetimli alanların duvar,kapı elemanları kurşun kaplama ve radyasyon geçirmez malzemelerden inşa edilmiştir. Alanlarda olası radyasyon kaçağı tespiti için alan doz ölçümleri yapılmaktadır. | M29: Tespit edilen tehlikeye dair görsel bulunmamaktadır. | N29: 0.5 | O29: 6 | P29: 7 | Q29: =IF(OR(ISBLANK(N29)=TRUE,ISBLANK(O29)=TRUE,ISBLANK(P29)=TRUE),"",PRODUCT(N29,O29,P29)) -> 21 | R29: =IF(Q29="","",IF(AND(Q29>=0,Q29<20),"DÜŞÜK RİSK",IF(AND(Q29>=20,Q29<70),"OLASI RİSK",IF(AND(Q29>=70,Q29<200),"ÖNEMLİ RİSK",IF(AND(Q29>=200,Q29<400),"YÜKSEK RİSK",IF(Q29>=400,"KABUL EDİLEMEZ RİSK","")))))) -> OLASI RİSK | S29: Mevcut önlem devam ettirilmesi | T29: Teknik Hizmetler Müdürlüğü | U29: Sürekli | V29: Alınacak önlemler uygulandığı takdirde, var olan tehlike kontrol altına alınacaktır. | W29: Sürekli | X29: Tespit edilen iyileştirmeye dair görsel bulunmamaktadır. | Y29: 0.5 | Z29: 6 | AA29: 7 | AB29: =IF(OR(ISBLANK(Y29)=TRUE,ISBLANK(Z29)=TRUE,ISBLANK(AA29)=TRUE),"",PRODUCT(Y29,Z29,AA29)) -> 21 | AC29: =IF(AB29="","",IF(AND(AB29>=0,AB29<20),"DÜŞÜK RİSK",IF(AND(AB29>=20,AB29<70),"OLASI RİSK",IF(AND(AB29>=70,AB29<200),"ÖNEMLİ RİSK",IF(AND(AB29>=200,AB29<400),"YÜKSEK RİSK",IF(AB29>=400,"KABUL EDİLEMEZ RİSK","")))))) -> OLASI RİSK | AD29: Diğer | AE29: Radyasyon Güvenliği Komitesi | AF29: Yapılan saha denetimlerinde herangi bir uygunsuzluk tespit edilmemiştir. | AG29: İşyeri Bina ve Eklentilerinde Alınacak Sağlık ve Güvenlik Önlemlerine İlişkin Yönetmelik
A30: 3149 | B30: 45877 | C30: İş Sağlığı ve Güvenliği | D30: Güvenlik - Fiziksel Risk Etmenleri | E30: Radyoloji | F30: Radyoloji | G30: Denetimli ve Gözetimli Alanlar | H30: Çalışanda bilgi ve eğitim eksikliği | I30: Çalışanların denetimli ve gözetimli alanın farkını anlamaması | J30: Uzun vadede kanser hastalıkları / Alan güvenliği ihlali / Hasta güvenliği ihlali | K30: Hastalar / Hasta Yakınları / Çalışanlar / Ziyaretçiler | L30: Çalışanlara radyasyon güvenliği eğitimleri verilmiştir. Eğitimler sonunda çalışanların değerlendirilmesi ve çalışanın başarı oranına göre eğitimler yenilenmektedir. | M30: Tespit edilen tehlikeye dair görsel bulunmamaktadır. | N30: 0.5 | O30: 1 | P30: 7 | Q30: =IF(OR(ISBLANK(N30)=TRUE,ISBLANK(O30)=TRUE,ISBLANK(P30)=TRUE),"",PRODUCT(N30,O30,P30)) -> 3.5 | R30: =IF(Q30="","",IF(AND(Q30>=0,Q30<20),"DÜŞÜK RİSK",IF(AND(Q30>=20,Q30<70),"OLASI RİSK",IF(AND(Q30>=70,Q30<200),"ÖNEMLİ RİSK",IF(AND(Q30>=200,Q30<400),"YÜKSEK RİSK",IF(Q30>=400,"KABUL EDİLEMEZ RİSK","")))))) -> DÜŞÜK RİSK | S30: Mevcut önlem devam ettirilmesi | T30: Hasta Bakım Hizmetleri Müdürlüğü | U30: Sürekli | V30: Alınacak önlemler uygulandığı takdirde, var olan tehlike kontrol altına alınacaktır. | W30: Sürekli | X30: Tespit edilen iyileştirmeye dair görsel bulunmamaktadır. | Y30: 0.5 | Z30: 1 | AA30: 7 | AB30: =IF(OR(ISBLANK(Y30)=TRUE,ISBLANK(Z30)=TRUE,ISBLANK(AA30)=TRUE),"",PRODUCT(Y30,Z30,AA30)) -> 3.5 | AC30: =IF(AB30="","",IF(AND(AB30>=0,AB30<20),"DÜŞÜK RİSK",IF(AND(AB30>=20,AB30<70),"OLASI RİSK",IF(AND(AB30>=70,AB30<200),"ÖNEMLİ RİSK",IF(AND(AB30>=200,AB30<400),"YÜKSEK RİSK",IF(AB30>=400,"KABUL EDİLEMEZ RİSK","")))))) -> DÜŞÜK RİSK | AD30: Sınav / Değerlendirme | AE30: Radyasyon Güvenliği Komitesi | AF30: Eğitim katılım formları kayıt altına alınmaktadır. | AG30: Radyasyon Güvenliği Yönetmeliği / Kişisel Koruyucu Donanımların İşyerlerinde Kullanımı Hakkında Yönetmelik
A31: 3150 | B31: 45877 | C31: İş Sağlığı ve Güvenliği | D31: Güvenlik - Fiziksel Risk Etmenleri | E31: Radyoloji | F31: Radyoloji | G31: Denetimli ve Gözetimli Alanlar | H31: Radyasyon maruziyetinin yetersiz izlenmesi | I31: Denetimli alanlarda çalışan personelin radyasyon dozunun sürekli izlenmemesi | J31: Çalışan sağlığının tehlikeye girmesi | K31: Hastalar / Hasta Yakınları / Çalışanlar / Ziyaretçiler | L31: Denetimli alanlarda çalışan personeller için kişisel dozimetre kullanımının zorunlu hale getirilmiştir. Gözetimli alanlardaki radyasyon seviyeleri düzenli ölçülmekted ve kayıt altına alınmaktadır. | M31: Tespit edilen tehlikeye dair görsel bulunmamaktadır. | N31: 1 | O31: 1 | P31: 7 | Q31: =IF(OR(ISBLANK(N31)=TRUE,ISBLANK(O31)=TRUE,ISBLANK(P31)=TRUE),"",PRODUCT(N31,O31,P31)) -> 7 | R31: =IF(Q31="","",IF(AND(Q31>=0,Q31<20),"DÜŞÜK RİSK",IF(AND(Q31>=20,Q31<70),"OLASI RİSK",IF(AND(Q31>=70,Q31<200),"ÖNEMLİ RİSK",IF(AND(Q31>=200,Q31<400),"YÜKSEK RİSK",IF(Q31>=400,"KABUL EDİLEMEZ RİSK","")))))) -> DÜŞÜK RİSK | S31: Mevcut önlem devam ettirilmesi | T31: Diğer | U31: Sürekli | V31: Alınacak önlemler uygulandığı takdirde, var olan tehlike kontrol altına alınacaktır. | W31: Sürekli | X31: Tespit edilen iyileştirmeye dair görsel bulunmamaktadır. | Y31: 1 | Z31: 1 | AA31: 7 | AB31: =IF(OR(ISBLANK(Y31)=TRUE,ISBLANK(Z31)=TRUE,ISBLANK(AA31)=TRUE),"",PRODUCT(Y31,Z31,AA31)) -> 7 | AC31: =IF(AB31="","",IF(AND(AB31>=0,AB31<20),"DÜŞÜK RİSK",IF(AND(AB31>=20,AB31<70),"OLASI RİSK",IF(AND(AB31>=70,AB31<200),"ÖNEMLİ RİSK",IF(AND(AB31>=200,AB31<400),"YÜKSEK RİSK",IF(AB31>=400,"KABUL EDİLEMEZ RİSK","")))))) -> DÜŞÜK RİSK | AD31: Belgelendirme (Rapor, Tatbikat, Kayıt vb.) | AE31: Radyasyon Güvenliği Komitesi | AF31: Ölçüm donuçlarında herhangi bir olumsuz durum tespit edilmemiştir. | AG31: Radyasyon Güvenliği Yönetmeliği / Kişisel Koruyucu Donanımların İşyerlerinde Kullanımı Hakkında Yönetmelik
A32: 3151 | B32: 45877 | C32: İş Sağlığı ve Güvenliği | D32: Güvenlik - Fiziksel Risk Etmenleri | E32: Radyoloji | F32: Radyoloji | G32: Kazaya Sebep Olabilecek Durumların Tespiti | H32: Yüzeylerin Dezenfekte Edilmemesi | I32: Enfekte yüzeylere temas edilmesi | J32: Enfeksiyon | K32: Tekniker / Teknisyen / Porter / Temizlik Görevllisi / Tıbbi Atık Personeli | L32: Temizlik planı doğrultusunda alan temizlik ve dezenfeksiyonu yapılmakatdır. Çalışanlara el hijyeni eğitimleri verilmekte ve alanlarda el antiseptikleri bulunmaktadır. Çalışanların hijyenik el yıkama uyumlarının takip edilmekte olup çapraz bulaşmanın önlenmektedir. | M32: Tespit edilen tehlikeye dair görsel bulunmamaktadır. | N32: 1 | O32: 2 | P32: 15 | Q32: =IF(OR(ISBLANK(N32)=TRUE,ISBLANK(O32)=TRUE,ISBLANK(P32)=TRUE),"",PRODUCT(N32,O32,P32)) -> 30 | R32: =IF(Q32="","",IF(AND(Q32>=0,Q32<20),"DÜŞÜK RİSK",IF(AND(Q32>=20,Q32<70),"OLASI RİSK",IF(AND(Q32>=70,Q32<200),"ÖNEMLİ RİSK",IF(AND(Q32>=200,Q32<400),"YÜKSEK RİSK",IF(Q32>=400,"KABUL EDİLEMEZ RİSK","")))))) -> OLASI RİSK | S32: Mevcut önlem devam ettirilmesi | T32: Hasta Bakım Hizmetleri Müdürlüğü | U32: Sürekli | V32: Alınacak önlemler uygulandığı takdirde var olan tehlike kontrol altına alınacaktır. | W32: Sürekli | X32: Tespit edilen iyileştirmeye dair görsel bulunmamaktadır. | Y32: 1 | Z32: 2 | AA32: 15 | AB32: =IF(OR(ISBLANK(Y32)=TRUE,ISBLANK(Z32)=TRUE,ISBLANK(AA32)=TRUE),"",PRODUCT(Y32,Z32,AA32)) -> 30 | AC32: =IF(AB32="","",IF(AND(AB32>=0,AB32<20),"DÜŞÜK RİSK",IF(AND(AB32>=20,AB32<70),"OLASI RİSK",IF(AND(AB32>=70,AB32<200),"ÖNEMLİ RİSK",IF(AND(AB32>=200,AB32<400),"YÜKSEK RİSK",IF(AB32>=400,"KABUL EDİLEMEZ RİSK","")))))) -> OLASI RİSK | AD32: Belgelendirme (Rapor, Tatbikat, Kayıt vb.) | AE32: Enfeksiyon Komitesi | AF32: Yapılan alan denetimelerinde herhangi bir uygunsuz durum tespit edilmemiştir. | AG32: El Yıkama Talimatı Prosedürü / Dezenfeksiyon talimatı
A33: 3152 | B33: 45877 | C33: İş Sağlığı ve Güvenliği | D33: Güvenlik - Fiziksel Risk Etmenleri | E33: Radyoloji | F33: Radyoloji | G33: Hasta Bakım ve Tedavi Uygulamaları | H33: El hijyeni talimatlarının alanda bulunmaması | I33: El hijyeni kurallarına uyulmaması / unutulması | J33: Enfeksiyon | K33: Tekniker / Teknisyen / Porter / Temizlik Görevllisi / Tıbbi Atık Personeli | L33: El yıkama alanına denk gelecek şekilde el hijyeni talimatı asılmıştır. İşe giriş eğitimlerinde Enfeksiyon Sorumlusu tarafından program kapasamında eğitim verilmektedir. | M33: Tespit edilen tehlikeye dair görsel bulunmamaktadır | N33: 1 | O33: 6 | P33: 1 | Q33: =IF(OR(ISBLANK(N33)=TRUE,ISBLANK(O33)=TRUE,ISBLANK(P33)=TRUE),"",PRODUCT(N33,O33,P33)) -> 6 | R33: =IF(Q33="","",IF(AND(Q33>=0,Q33<20),"DÜŞÜK RİSK",IF(AND(Q33>=20,Q33<70),"OLASI RİSK",IF(AND(Q33>=70,Q33<200),"ÖNEMLİ RİSK",IF(AND(Q33>=200,Q33<400),"YÜKSEK RİSK",IF(Q33>=400,"KABUL EDİLEMEZ RİSK","")))))) -> DÜŞÜK RİSK | S33: Mevcut önlem devam ettirilmesi | T33: Hasta Bakım Hizmetleri Müdürlüğü | U33: Sürekli | V33: Alınacak önlemler uygulandığı takdirde var olan tehlike kontrol altına alınacaktır. | W33: Sürekli | X33: Tespit edilen iyileştirmeye dair görsel bulunmamaktadır. | Y33: 1 | Z33: 6 | AA33: 1 | AB33: =IF(OR(ISBLANK(Y33)=TRUE,ISBLANK(Z33)=TRUE,ISBLANK(AA33)=TRUE),"",PRODUCT(Y33,Z33,AA33)) -> 6 | AC33: =IF(AB33="","",IF(AND(AB33>=0,AB33<20),"DÜŞÜK RİSK",IF(AND(AB33>=20,AB33<70),"OLASI RİSK",IF(AND(AB33>=70,AB33<200),"ÖNEMLİ RİSK",IF(AND(AB33>=200,AB33<400),"YÜKSEK RİSK",IF(AB33>=400,"KABUL EDİLEMEZ RİSK","")))))) -> DÜŞÜK RİSK | AD33: Belgelendirme (Rapor, Tatbikat, Kayıt vb.) | AE33: Enfeksiyon Komitesi | AF33: Yapılan alan denetimelerinde herhangi bir uygunsuz durum tespit edilmemiştir. | AG33: El Hijyeni-El Yıkama Talimatı
A34: 3153 | B34: 45877 | C34: İş Sağlığı ve Güvenliği | D34: Güvenlik - Fiziksel Risk Etmenleri | E34: Radyoloji | F34: Radyoloji | G34: Kazaya Sebep Olabilecek Durumların Tespiti | H34: Tekerlekli araçlarda durdurucu-fren bulunmaması | I34: Devrilme | J34: Yaralanma / Maddi hasar | K34: Hasta / Tekniker / Teknisyen / Porter / Temizlik Görevllisi / Tıbbi Atık Personeli | L34: Pansuman arabası, taşıma arabaları, sedye vb. araçların tekerleklerinde durdurucu bulunmakta ve düzenli aralıklarla görsel olarak kontrol edilmektedir. | M34: Tespit edilen tehlikeye dair görsel bulunmamaktadır. | N34: 0.5 | O34: 1 | P34: 3 | Q34: =IF(OR(ISBLANK(N34)=TRUE,ISBLANK(O34)=TRUE,ISBLANK(P34)=TRUE),"",PRODUCT(N34,O34,P34)) -> 1.5 | R34: =IF(Q34="","",IF(AND(Q34>=0,Q34<20),"DÜŞÜK RİSK",IF(AND(Q34>=20,Q34<70),"OLASI RİSK",IF(AND(Q34>=70,Q34<200),"ÖNEMLİ RİSK",IF(AND(Q34>=200,Q34<400),"YÜKSEK RİSK",IF(Q34>=400,"KABUL EDİLEMEZ RİSK","")))))) -> DÜŞÜK RİSK | S34: Mevcut önlem devam ettirilmesi | T34: Biyomedikal Müdürlüğü | V34: Alınacak önlemler uygulandığı takdirde var olan tehlike kontrol altına alınacaktır. | W34: Sürekli | X34: Tespit edilen iyileştirmeye dair görsel bulunmamaktadır. | Y34: 0.5 | Z34: 1 | AA34: 3 | AB34: =IF(OR(ISBLANK(Y34)=TRUE,ISBLANK(Z34)=TRUE,ISBLANK(AA34)=TRUE),"",PRODUCT(Y34,Z34,AA34)) -> 1.5 | AC34: =IF(AB34="","",IF(AND(AB34>=0,AB34<20),"DÜŞÜK RİSK",IF(AND(AB34>=20,AB34<70),"OLASI RİSK",IF(AND(AB34>=70,AB34<200),"ÖNEMLİ RİSK",IF(AND(AB34>=200,AB34<400),"YÜKSEK RİSK",IF(AB34>=400,"KABUL EDİLEMEZ RİSK","")))))) -> DÜŞÜK RİSK | AD34: Diğer | AE34: Biyomedikal Müdürlüğü | AF34: Yapılan alan denetimelerinde herhangi bir uygunsuz durum tespit edilmemiştir. | AG34: İşYeri Bina ve Eklentilernde Alınacak Sağlık ve Güvenlik Önlemleri Hakkında Yönetmelik
A35: 3154 | B35: 45877 | C35: İş Sağlığı ve Güvenliği | D35: Güvenlik - Fiziksel Risk Etmenleri | E35: Radyoloji | F35: Radyoloji | G35: Kişisel Koruyucu Donanımların Kullanımı | H35: Lateks/Nitril Eldiven Kullanımı | I35: Cildin alerjik reaksiyonlar göstermesi | J35: Cilt tahrişi /Cilt hastalıkları | K35: Çalışanlar | L35: Alerji öyküleri olan personellere farklı KKD temin edilmektedir. | M35: Tespit edilen tehlikeye dair görsel bulunmamaktadır. | N35: 0.5 | O35: 6 | P35: 1 | Q35: =IF(OR(ISBLANK(N35)=TRUE,ISBLANK(O35)=TRUE,ISBLANK(P35)=TRUE),"",PRODUCT(N35,O35,P35)) -> 3 | R35: =IF(Q35="","",IF(AND(Q35>=0,Q35<20),"DÜŞÜK RİSK",IF(AND(Q35>=20,Q35<70),"OLASI RİSK",IF(AND(Q35>=70,Q35<200),"ÖNEMLİ RİSK",IF(AND(Q35>=200,Q35<400),"YÜKSEK RİSK",IF(Q35>=400,"KABUL EDİLEMEZ RİSK","")))))) -> DÜŞÜK RİSK | S35: Mevcut önlem devam ettirilmelidir. | T35: Hasta Bakım Hizmetleri Müdürlüğü | U35: Sürekli | V35: Alınacak önlemler uygulandığı takdirde var olan tehlike kontrol altına alınacaktır. | W35: Sürekli | X35: Tespit edilen iyileştirmeye dair görsel bulunmamaktadır. | Y35: 0.5 | Z35: 6 | AA35: 1 | AB35: =IF(OR(ISBLANK(Y35)=TRUE,ISBLANK(Z35)=TRUE,ISBLANK(AA35)=TRUE),"",PRODUCT(Y35,Z35,AA35)) -> 3 | AC35: =IF(AB35="","",IF(AND(AB35>=0,AB35<20),"DÜŞÜK RİSK",IF(AND(AB35>=20,AB35<70),"OLASI RİSK",IF(AND(AB35>=70,AB35<200),"ÖNEMLİ RİSK",IF(AND(AB35>=200,AB35<400),"YÜKSEK RİSK",IF(AB35>=400,"KABUL EDİLEMEZ RİSK","")))))) -> DÜŞÜK RİSK | AD35: Diğer | AE35: Hasta Bakım Hizmetleri Müdürlüğü | AF35: Yapılan alan denetimlerinde herangi bir uygunsuzluk tespit edilmemiştir. | AG35: Çalışan Güvenliği Programı / İş Ekipmanlarının Kullanımında Sağlık ve Güvenlik Yönetmeliği
A36: 3155 | B36: 45877 | C36: İş Sağlığı ve Güvenliği | D36: Güvenlik - Fiziksel Risk Etmenleri | E36: Radyoloji | F36: Radyoloji | G36: Kişisel Koruyucu Donanımların Kullanımı | H36: Kurşun geçirmez yeleklerin askılıklarının dayanımlı olmaması | I36: Askılığın yeleklerle birlikte deverilmesi, düşmesi | J36: Yaralanmalar | K36: Tekniker / Teknisyen / Porter / Temizlik Görevllisi / Tıbbi Atık Personeli | L36: Uygun yük kapasitesine sahip ve nemlenmeler için belli bir süre açık rafta bekletilmektedir. Yeleklerin geçiş yolu üzerinde ve işlem bitimi odalarda bırakılmaması sağlanmaktadır. | M36: Tespit edilen tehlikeye dair görsel bulunmamaktadır. | N36: 1 | O36: 6 | P36: 15 | Q36: =IF(OR(ISBLANK(N36)=TRUE,ISBLANK(O36)=TRUE,ISBLANK(P36)=TRUE),"",PRODUCT(N36,O36,P36)) -> 90 | R36: =IF(Q36="","",IF(AND(Q36>=0,Q36<20),"DÜŞÜK RİSK",IF(AND(Q36>=20,Q36<70),"OLASI RİSK",IF(AND(Q36>=70,Q36<200),"ÖNEMLİ RİSK",IF(AND(Q36>=200,Q36<400),"YÜKSEK RİSK",IF(Q36>=400,"KABUL EDİLEMEZ RİSK","")))))) -> ÖNEMLİ RİSK | S36: Yeleklerin her taraftan kapalı, yük kapasitesine uygun taşıyıcısı bulunan raf tasarımı yapılmalıdır. | T36: Teknik Hizmetler Müdürlüğü | Y36: 0.5 | Z36: 6 | AA36: 1 | AB36: =IF(OR(ISBLANK(Y36)=TRUE,ISBLANK(Z36)=TRUE,ISBLANK(AA36)=TRUE),"",PRODUCT(Y36,Z36,AA36)) -> 3 | AC36: =IF(AB36="","",IF(AND(AB36>=0,AB36<20),"DÜŞÜK RİSK",IF(AND(AB36>=20,AB36<70),"OLASI RİSK",IF(AND(AB36>=70,AB36<200),"ÖNEMLİ RİSK",IF(AND(AB36>=200,AB36<400),"YÜKSEK RİSK",IF(AB36>=400,"KABUL EDİLEMEZ RİSK","")))))) -> DÜŞÜK RİSK
A37: 3156 | B37: 45877 | C37: İş Sağlığı ve Güvenliği | D37: Güvenlik - Biyolojik Risk Etmenleri | E37: Radyoloji | F37: Radyoloji | G37: Kritik ve incinebilir hastalar | H37: Hastalarının izolasyonunun sağlanamaması | I37: Bağışıklığı zayıf hastaların enfeksiyon riski ile karşılaşması | J37: Enfeksiyon / Kritik durumun kötüleşmesi | K37: Hastalar / Çalışanlar | L37: Enfeksiyon bulaş riski bulunan hastalar için diğer müdahale odalarından ayrı izolasyon odası oluşturulmuş ve işaretlenmiştir. | M37: Tespit edilen tehlikeye dair görsel bulunmamaktadır. | N37: 0.5 | O37: 0.5 | P37: 3 | Q37: =IF(OR(ISBLANK(N37)=TRUE,ISBLANK(O37)=TRUE,ISBLANK(P37)=TRUE),"",PRODUCT(N37,O37,P37)) -> 0.75 | R37: =IF(Q37="","",IF(AND(Q37>=0,Q37<20),"DÜŞÜK RİSK",IF(AND(Q37>=20,Q37<70),"OLASI RİSK",IF(AND(Q37>=70,Q37<200),"ÖNEMLİ RİSK",IF(AND(Q37>=200,Q37<400),"YÜKSEK RİSK",IF(Q37>=400,"KABUL EDİLEMEZ RİSK","")))))) -> DÜŞÜK RİSK | S37: Mevcut önlem devam ettirilmelidir. | T37: Hasta Bakım Hizmetleri Müdürlüğü | U37: Sürekli | V37: Alınacak önlemler uygulandığı takdirde, var olan tehlike kontrol altına alınacaktır. | W37: Sürekli | X37: Tespit edilen iyileştirmeye dair görsel bulunmamaktadır. | Y37: 0.5 | Z37: 0.5 | AA37: 3 | AB37: =IF(OR(ISBLANK(Y37)=TRUE,ISBLANK(Z37)=TRUE,ISBLANK(AA37)=TRUE),"",PRODUCT(Y37,Z37,AA37)) -> 0.75 | AC37: =IF(AB37="","",IF(AND(AB37>=0,AB37<20),"DÜŞÜK RİSK",IF(AND(AB37>=20,AB37<70),"OLASI RİSK",IF(AND(AB37>=70,AB37<200),"ÖNEMLİ RİSK",IF(AND(AB37>=200,AB37<400),"YÜKSEK RİSK",IF(AB37>=400,"KABUL EDİLEMEZ RİSK","")))))) -> DÜŞÜK RİSK | AD37: Diğer | AE37: Hasta Bakım Hizmetleri Müdürlüğü | AF37: Yapılan saha denetimlerinde herangi bir uygunsuzluk veya geri bildirim tespit edilmemiştir. | AG37: Biyolojik Etkenlere Maruziyet Risklerinin Önlenmesi Hakkında Yönetmelik
A38: 3157 | B38: 45877 | C38: İş Sağlığı ve Güvenliği | D38: Güvenlik - Biyolojik Risk Etmenleri | E38: Radyoloji | F38: Radyoloji | G38: Hasta başı yatak panellerinin kullanımı | H38: Panelin ve bağlantılı cihazların düzenli temizlenmemesi | I38: Bakteri, mikroorganizma birikimi | J38: Enfeksiyon | K38: Hastalar / Çalışanlar | L38: Yatak başı panellerinin ve ekipmanlarının yapılan planlamalar doğrultusunda kontrol, bakım ve dezenfeksiyonları yapılmaktadır. | M38: Tespit edilen tehlikeye dair görsel bulunmamaktadır. | N38: 1 | O38: 1 | P38: 15 | Q38: =IF(OR(ISBLANK(N38)=TRUE,ISBLANK(O38)=TRUE,ISBLANK(P38)=TRUE),"",PRODUCT(N38,O38,P38)) -> 15 | R38: =IF(Q38="","",IF(AND(Q38>=0,Q38<20),"DÜŞÜK RİSK",IF(AND(Q38>=20,Q38<70),"OLASI RİSK",IF(AND(Q38>=70,Q38<200),"ÖNEMLİ RİSK",IF(AND(Q38>=200,Q38<400),"YÜKSEK RİSK",IF(Q38>=400,"KABUL EDİLEMEZ RİSK","")))))) -> DÜŞÜK RİSK | S38: Mevcut önlem devam ettirilmelidir. | T38: Teknik Hizmetler Müdürlüğü | U38: Sürekli | V38: Alınacak önlemler uygulandığı takdirde, var olan tehlike kontrol altına alınacaktır. | W38: Sürekli | X38: Tespit edilen iyileştirmeye dair görsel bulunmamaktadır. | Y38: 1 | Z38: 0.5 | AA38: 7 | AB38: =IF(OR(ISBLANK(Y38)=TRUE,ISBLANK(Z38)=TRUE,ISBLANK(AA38)=TRUE),"",PRODUCT(Y38,Z38,AA38)) -> 3.5 | AC38: =IF(AB38="","",IF(AND(AB38>=0,AB38<20),"DÜŞÜK RİSK",IF(AND(AB38>=20,AB38<70),"OLASI RİSK",IF(AND(AB38>=70,AB38<200),"ÖNEMLİ RİSK",IF(AND(AB38>=200,AB38<400),"YÜKSEK RİSK",IF(AB38>=400,"KABUL EDİLEMEZ RİSK","")))))) -> DÜŞÜK RİSK | AD38: Diğer | AE38: Teknik Hizmetler Müdürlüğü | AF38: Yapılan saha denetimlerinde herangi bir uygunsuzluk veya geri bildirim tespit edilmemiştir. | AG38: Biyolojik Etkenlere Maruziyet Risklerinin Önlenmesi Hakkında Yönetmelik
A39: 3158 | B39: 45877 | C39: İş Sağlığı ve Güvenliği | D39: Güvenlik - Biyolojik Risk Etmenleri | E39: Radyoloji | F39: Radyoloji | G39: CPR Uygulamaları | H39: Tespiti yapılamayan izolasyon gerektiren hastalar | I39: CPR uygulamaları sırasında kan,tükürük vb. vücut sıvıları bulaşması / sıçraması | J39: Enfeksiyon | K39: Hastalar / Çalışanlar | L39: Personellere sürekli kullanmaları için kişisel koruyucu ekipmanlar temin edilmiştir. Personellere düzenli aralıklarla enfeksiyon kontrol eğitimi verilmektedir. Personellerin bağışıklık durumları işe giriş tetkiklerinde ve yılda en az bir defa olmak üzere izlenmektedir. | M39: Tespit edilen tehlikeye dair görsel bulunmamaktadır. | N39: 0.5 | O39: 1 | P39: 3 | Q39: =IF(OR(ISBLANK(N39)=TRUE,ISBLANK(O39)=TRUE,ISBLANK(P39)=TRUE),"",PRODUCT(N39,O39,P39)) -> 1.5 | R39: =IF(Q39="","",IF(AND(Q39>=0,Q39<20),"DÜŞÜK RİSK",IF(AND(Q39>=20,Q39<70),"OLASI RİSK",IF(AND(Q39>=70,Q39<200),"ÖNEMLİ RİSK",IF(AND(Q39>=200,Q39<400),"YÜKSEK RİSK",IF(Q39>=400,"KABUL EDİLEMEZ RİSK","")))))) -> DÜŞÜK RİSK | S39: Mevcut önlem devam ettirilmelidir. | T39: Hasta Bakım Hizmetleri Müdürlüğü | U39: Sürekli | V39: Alınacak önlemler uygulandığı takdirde var olan tehlike kontrol altına alınacaktır. | W39: Sürekli | X39: Tespit edilen iyileştirmeye dair görsel bulunmamaktadır. | Y39: 0.5 | Z39: 0.5 | AA39: 3 | AB39: =IF(OR(ISBLANK(Y39)=TRUE,ISBLANK(Z39)=TRUE,ISBLANK(AA39)=TRUE),"",PRODUCT(Y39,Z39,AA39)) -> 0.75 | AC39: =IF(AB39="","",IF(AND(AB39>=0,AB39<20),"DÜŞÜK RİSK",IF(AND(AB39>=20,AB39<70),"OLASI RİSK",IF(AND(AB39>=70,AB39<200),"ÖNEMLİ RİSK",IF(AND(AB39>=200,AB39<400),"YÜKSEK RİSK",IF(AB39>=400,"KABUL EDİLEMEZ RİSK","")))))) -> DÜŞÜK RİSK | AD39: Belgelendirme (Rapor, Tatbikat, Kayıt vb.) | AE39: Enfeksiyon Kontrol Komitesi | AF39: Analiz sonuçlarında herhangi bir olumsuzluk tespit edilmemiştir. | AG39: Biyolojik Etkenlere Maruziyet Risklerinin Önlenmesi Hakkında Yönetmelik
A40: 3159 | B40: 45877 | C40: İş Sağlığı ve Güvenliği | D40: Güvenlik - Biyolojik Risk Etmenleri | E40: Radyoloji | F40: Radyoloji | G40: Kişisel Koruyucu Donanımların Kullanımı | H40: Kesici-delici aletlerle temas edilmesi | I40: Kesici-delici alet batmaları | J40: Yaralanmalar / Enfeksiyon / İş kazası | K40: Hastalar / Hasta Yakınları / Çalışanlar / Ziyaretçiler | L40: İş başlangıç eğitimlerinde ve düzenli aralıklarda personellere bilgilendirme yapılmaktadır. Personellere kişisel koruyucu ekipman temin edilmiştir ve kullanımı zorunlu tutulmuştur. Aylık olarak gerçekleşen ilgili iş kazalarının analizi yapılmakta olup nedenlerine göre anlık aksiyon alınmaktadır. | M40: Tespit edilen tehlikeye dair görsel bulunmamaktadır. | N40: 1 | O40: 3 | P40: 7 | Q40: =IF(OR(ISBLANK(N40)=TRUE,ISBLANK(O40)=TRUE,ISBLANK(P40)=TRUE),"",PRODUCT(N40,O40,P40)) -> 21 | R40: =IF(Q40="","",IF(AND(Q40>=0,Q40<20),"DÜŞÜK RİSK",IF(AND(Q40>=20,Q40<70),"OLASI RİSK",IF(AND(Q40>=70,Q40<200),"ÖNEMLİ RİSK",IF(AND(Q40>=200,Q40<400),"YÜKSEK RİSK",IF(Q40>=400,"KABUL EDİLEMEZ RİSK","")))))) -> OLASI RİSK | S40: Mevcut önlem devam ettirilmelidir. | T40: Hasta Bakım Hizmetleri Müdürlüğü | U40: Sürekli | V40: Alınacak önlemler uygulandığı takdirde var olan tehlike kontrol altına alınacaktır. | W40: Sürekli | X40: Tespit edilen iyileştirmeye dair görsel bulunmamaktadır. | Y40: 1 | Z40: 1 | AA40: 7 | AB40: =IF(OR(ISBLANK(Y40)=TRUE,ISBLANK(Z40)=TRUE,ISBLANK(AA40)=TRUE),"",PRODUCT(Y40,Z40,AA40)) -> 7 | AC40: =IF(AB40="","",IF(AND(AB40>=0,AB40<20),"DÜŞÜK RİSK",IF(AND(AB40>=20,AB40<70),"OLASI RİSK",IF(AND(AB40>=70,AB40<200),"ÖNEMLİ RİSK",IF(AND(AB40>=200,AB40<400),"YÜKSEK RİSK",IF(AB40>=400,"KABUL EDİLEMEZ RİSK","")))))) -> DÜŞÜK RİSK | AD40: Belgelendirme (Rapor, Tatbikat, Kayıt vb.) | AE40: Enfeksiyon Kontrol Komitesi | AF40: Analiz sonuçlarında herhangi bir olumsuzluk tespit edilmemiştir. | AG40: Biyolojik Etkenlere Maruziyet Risklerinin Önlenmesi Hakkında Yönetmelik
A41: 3160 | B41: 45877 | C41: İş Sağlığı ve Güvenliği | D41: Güvenlik - Biyolojik Risk Etmenleri | E41: Radyoloji | F41: Radyoloji | G41: Kişisel Koruyucu Donanımların Kullanımı | H41: Kesici-delici aletlerle temas edilmesi | I41: Kesici-delici alet batmaları | J41: Yaralanmalar / Enfeksiyon / İş kazası | K41: Hastalar / Hasta Yakınları / Çalışanlar / Ziyaretçiler | L41: İş başlangıç eğitimlerinde ve düzenli aralıklarda personellere bilgilendirme yapılmaktadır. Personellere kişisel koruyucu ekipman temin edilmiştir ve kullanımı zorunlu tutulmuştur. Aylık olarak gerçekleşen ilgili iş kazalarının analizi yapılmakta olup nedenlerine göre anlık aksiyon alınmaktadır. | M41: Tespit edilen tehlikeye dair görsel bulunmamaktadır. | N41: 3 | O41: 6 | P41: 7 | Q41: =IF(OR(ISBLANK(N41)=TRUE,ISBLANK(O41)=TRUE,ISBLANK(P41)=TRUE),"",PRODUCT(N41,O41,P41)) -> 126 | R41: =IF(Q41="","",IF(AND(Q41>=0,Q41<20),"DÜŞÜK RİSK",IF(AND(Q41>=20,Q41<70),"OLASI RİSK",IF(AND(Q41>=70,Q41<200),"ÖNEMLİ RİSK",IF(AND(Q41>=200,Q41<400),"YÜKSEK RİSK",IF(Q41>=400,"KABUL EDİLEMEZ RİSK","")))))) -> ÖNEMLİ RİSK | S41: Mevcut önlem devam ettirilmelidir. | T41: Hasta Bakım Hizmetleri Müdürlüğü | U41: Sürekli | V41: Alınacak önlemler uygulandığı takdirde var olan tehlike kontrol altına alınacaktır. | W41: Sürekli | X41: Tespit edilen iyileştirmeye dair görsel bulunmamaktadır. | Y41: 1 | Z41: 1 | AA41: 7 | AB41: =IF(OR(ISBLANK(Y41)=TRUE,ISBLANK(Z41)=TRUE,ISBLANK(AA41)=TRUE),"",PRODUCT(Y41,Z41,AA41)) -> 7 | AC41: =IF(AB41="","",IF(AND(AB41>=0,AB41<20),"DÜŞÜK RİSK",IF(AND(AB41>=20,AB41<70),"OLASI RİSK",IF(AND(AB41>=70,AB41<200),"ÖNEMLİ RİSK",IF(AND(AB41>=200,AB41<400),"YÜKSEK RİSK",IF(AB41>=400,"KABUL EDİLEMEZ RİSK","")))))) -> DÜŞÜK RİSK | AD41: Gösterge Takibi | AE41: Enfeksiyon Kontrol Komitesi | AF41: Analiz sonuçlarında herhangi bir olumsuzluk tespit edilmemiştir. | AG41: Biyolojik Etkenlere Maruziyet Risklerinin Önlenmesi Hakkında Yönetmelik
A42: 3161 | B42: 45877 | C42: İş Sağlığı ve Güvenliği | D42: Güvenlik - Biyolojik Risk Etmenleri | E42: Radyoloji | F42: Radyoloji | G42: Tedavi Tepsileri ve Sharp-boxların Kullanımı | H42: Sharp-boxların doluluğunun gereğinden fazla olmas/değişiminin yapılmaması | I42: Kesici-delici alet batmaları | J42: Yaralanmalar / İğne batması / Enfeksiyon | K42: Hastalar / Hasta Yakınları / Çalışanlar / Ziyaretçiler | L42: Sharp-boxların 3/4 doluluk oranına ulaştığında anında değitirilmesi husunda işe giriş eğitimlerinde ve düzenli aralıklarla personellere bilgilendirme yapılmaktadır. | M42: Tespit edilen tehlikeye dair görsel bulunmamaktadır. | N42: 3 | O42: 6 | P42: 7 | Q42: =IF(OR(ISBLANK(N42)=TRUE,ISBLANK(O42)=TRUE,ISBLANK(P42)=TRUE),"",PRODUCT(N42,O42,P42)) -> 126 | R42: =IF(Q42="","",IF(AND(Q42>=0,Q42<20),"DÜŞÜK RİSK",IF(AND(Q42>=20,Q42<70),"OLASI RİSK",IF(AND(Q42>=70,Q42<200),"ÖNEMLİ RİSK",IF(AND(Q42>=200,Q42<400),"YÜKSEK RİSK",IF(Q42>=400,"KABUL EDİLEMEZ RİSK","")))))) -> ÖNEMLİ RİSK | S42: Mevcut önlem devam ettirilmelidir. | T42: Hasta Bakım Hizmetleri Müdürlüğü | U42: Sürekli | V42: Alınacak önlemler uygulandığı takdirde var olan tehlike kontrol altına alınacaktır. | W42: Sürekli | X42: Tespit edilen iyileştirmeye dair görsel bulunmamaktadır. | Y42: 1 | Z42: 1 | AA42: 7 | AB42: =IF(OR(ISBLANK(Y42)=TRUE,ISBLANK(Z42)=TRUE,ISBLANK(AA42)=TRUE),"",PRODUCT(Y42,Z42,AA42)) -> 7 | AC42: =IF(AB42="","",IF(AND(AB42>=0,AB42<20),"DÜŞÜK RİSK",IF(AND(AB42>=20,AB42<70),"OLASI RİSK",IF(AND(AB42>=70,AB42<200),"ÖNEMLİ RİSK",IF(AND(AB42>=200,AB42<400),"YÜKSEK RİSK",IF(AB42>=400,"KABUL EDİLEMEZ RİSK","")))))) -> DÜŞÜK RİSK | AD42: Gösterge Takibi | AE42: Enfeksiyon Kontrol Komitesi | AF42: Analiz sonuçlarında herhangi bir olumsuzluk tespit edilmemiştir. | AG42: Biyolojik Etkenlere Maruziyet Risklerinin Önlenmesi Hakkında Yönetmelik
A43: 3162 | B43: 45877 | C43: İş Sağlığı ve Güvenliği | D43: Güvenlik - Biyolojik Risk Etmenleri | E43: Radyoloji | F43: Radyoloji | G43: Tıbbi Atıkların Bertaraf Edilmesi | H43: Kesici-delici alet yaralanmaları | I43: Kullanımı bitmiş enjektör, vacutailer vb. aletlerin shorp-box kutusu haricindeki alanlara atılması | J43: Yaralanma /İğne batması / Enfeksiyon | K43: Hasta / Hekim / Hemşire / Hasta Bakım Personeli / ATT / Paramedik | L43: Atık kutularının bibirinden ayrıştırılması ve doluluk oranlarının belirlenmesiyle atık toplama süreci oluşturulması | M43: Tespit edilen tehlikeye dair görsel bulunmamaktadır. | N43: 1 | O43: 6 | P43: 7 | Q43: =IF(OR(ISBLANK(N43)=TRUE,ISBLANK(O43)=TRUE,ISBLANK(P43)=TRUE),"",PRODUCT(N43,O43,P43)) -> 42 | R43: =IF(Q43="","",IF(AND(Q43>=0,Q43<20),"DÜŞÜK RİSK",IF(AND(Q43>=20,Q43<70),"OLASI RİSK",IF(AND(Q43>=70,Q43<200),"ÖNEMLİ RİSK",IF(AND(Q43>=200,Q43<400),"YÜKSEK RİSK",IF(Q43>=400,"KABUL EDİLEMEZ RİSK","")))))) -> OLASI RİSK | S43: Personellere bilgilendirme eğitimi verilmesi | T43: Hasta Bakım Hizmetleri Müdürlüğü | V43: Alınacak önlemler uygulandığı takdirde, var olan tehlike kontrol altına alınacaktır. | X43: Tespit edilen iyileştirmeye dair görsel bulunmamaktadır. | Y43: 1 | Z43: 1 | AA43: 7 | AB43: =IF(OR(ISBLANK(Y43)=TRUE,ISBLANK(Z43)=TRUE,ISBLANK(AA43)=TRUE),"",PRODUCT(Y43,Z43,AA43)) -> 7 | AC43: =IF(AB43="","",IF(AND(AB43>=0,AB43<20),"DÜŞÜK RİSK",IF(AND(AB43>=20,AB43<70),"OLASI RİSK",IF(AND(AB43>=70,AB43<200),"ÖNEMLİ RİSK",IF(AND(AB43>=200,AB43<400),"YÜKSEK RİSK",IF(AB43>=400,"KABUL EDİLEMEZ RİSK","")))))) -> DÜŞÜK RİSK | AD43: Gösterge Takibi | AE43: Enfeksiyon Kontrol Komitesi | AF43: Analiz sonuçlarında herhangi bir olumsuzluk tespit edilmemiştir. | AG43: Biyoljik Etkenlere Maruziyet Risklerinin Önlenmesi Hakkında Yönetmelik
A44: 3163 | B44: 45877 | C44: İş Sağlığı ve Güvenliği | D44: Güvenlik - Biyolojik Risk Etmenleri | E44: Radyoloji | F44: Radyoloji | G44: Tedavi Tepsileri ve Sharp-boxların Kullanımı | H44: Tedavi tepsilerinde iğne unutulması | I44: Kesici-delici alet batmaları | J44: Yaralanma / İğne batması / Enfeksiyon | K44: Hastalar / Hasta Yakınları / Çalışanlar / Ziyaretçiler | L44: Tedavi tepsileri için katlara temin edilen sharp-boxların kullanılmaktır. | M44: Tespit edilen tehlikeye dair görsel bulunmamaktadır. | N44: 1 | O44: 6 | P44: 7 | Q44: =IF(OR(ISBLANK(N44)=TRUE,ISBLANK(O44)=TRUE,ISBLANK(P44)=TRUE),"",PRODUCT(N44,O44,P44)) -> 42 | R44: =IF(Q44="","",IF(AND(Q44>=0,Q44<20),"DÜŞÜK RİSK",IF(AND(Q44>=20,Q44<70),"OLASI RİSK",IF(AND(Q44>=70,Q44<200),"ÖNEMLİ RİSK",IF(AND(Q44>=200,Q44<400),"YÜKSEK RİSK",IF(Q44>=400,"KABUL EDİLEMEZ RİSK","")))))) -> OLASI RİSK | S44: Mevcut önlem devam ettirilmelidir. | T44: Hasta Bakım Hizmetleri Müdürlüğü | U44: Sürekli | V44: Alınacak önlemler uygulandığı takdirde var olan tehlike kontrol altına alınacaktır. | W44: Sürekli | X44: Tespit edilen iyileştirmeye dair görsel bulunmamaktadır. | Y44: 1 | Z44: 3 | AA44: 7 | AB44: =IF(OR(ISBLANK(Y44)=TRUE,ISBLANK(Z44)=TRUE,ISBLANK(AA44)=TRUE),"",PRODUCT(Y44,Z44,AA44)) -> 21 | AC44: =IF(AB44="","",IF(AND(AB44>=0,AB44<20),"DÜŞÜK RİSK",IF(AND(AB44>=20,AB44<70),"OLASI RİSK",IF(AND(AB44>=70,AB44<200),"ÖNEMLİ RİSK",IF(AND(AB44>=200,AB44<400),"YÜKSEK RİSK",IF(AB44>=400,"KABUL EDİLEMEZ RİSK","")))))) -> OLASI RİSK | AD44: Gösterge Takibi | AE44: Enfeksiyon Kontrol Komitesi | AF44: Analiz sonuçlarında herhangi bir olumsuzluk tespit edilmemiştir. | AG44: Biyolojik Etkenlere Maruziyet Risklerinin Önlenmesi Hakkında Yönetmelik
A45: 3164 | B45: 45877 | C45: İş Sağlığı ve Güvenliği | D45: Güvenlik - Biyolojik Risk Etmenleri | E45: Radyoloji | F45: Radyoloji | G45: Biyolojik Etkenlere Maruziyetten Korunma (Solunum Yolu ile) | H45: Enfeksiyon etkenleri Grup 3 biyolojik etkenler (tüberküloz vb. ) | I45: Solunum yoluyla maruziyet | J45: Enfeksiyon | K45: Hastalar / Hasta Yakınları / Çalışanlar / Ziyaretçiler | L45: Personellere kişisel koruyucu donanım (eldiven,gözlük,maske, koruyucu giysi) temin edilmektedir. Hastanın müracatı halinde izolasyon protokolleri başaltılmaktadır. Koruyucu donanımların kullanım zorunluluğu ve el hijyeni eğitimleri işe giriş oryantasyon katılımlarında verilmektedir. | M45: Tespit edilen tehlikeye dair görsel bulunmamaktadır. | N45: 1 | O45: 1 | P45: 15 | Q45: =IF(OR(ISBLANK(N45)=TRUE,ISBLANK(O45)=TRUE,ISBLANK(P45)=TRUE),"",PRODUCT(N45,O45,P45)) -> 15 | R45: =IF(Q45="","",IF(AND(Q45>=0,Q45<20),"DÜŞÜK RİSK",IF(AND(Q45>=20,Q45<70),"OLASI RİSK",IF(AND(Q45>=70,Q45<200),"ÖNEMLİ RİSK",IF(AND(Q45>=200,Q45<400),"YÜKSEK RİSK",IF(Q45>=400,"KABUL EDİLEMEZ RİSK","")))))) -> DÜŞÜK RİSK | S45: Mevcut önlem devam ettirilmelidir. | T45: Hasta Bakım Hizmetleri Müdürlüğü | U45: Sürekli | V45: Alınacak önlemler uygulandığı takdirde var olan tehlike kontrol altına alınacaktır. | W45: Sürekli | X45: Tespit edilen iyileştirmeye dair görsel bulunmamaktadır. | Y45: 1 | Z45: 1 | AA45: 15 | AB45: =IF(OR(ISBLANK(Y45)=TRUE,ISBLANK(Z45)=TRUE,ISBLANK(AA45)=TRUE),"",PRODUCT(Y45,Z45,AA45)) -> 15 | AC45: =IF(AB45="","",IF(AND(AB45>=0,AB45<20),"DÜŞÜK RİSK",IF(AND(AB45>=20,AB45<70),"OLASI RİSK",IF(AND(AB45>=70,AB45<200),"ÖNEMLİ RİSK",IF(AND(AB45>=200,AB45<400),"YÜKSEK RİSK",IF(AB45>=400,"KABUL EDİLEMEZ RİSK","")))))) -> DÜŞÜK RİSK | AD45: Belgelendirme (Rapor, Tatbikat, Kayıt vb.) | AE45: Enfeksiyon Kontrol Komitesi | AF45: Analiz sonuçlarında herhangi bir olumsuzluk tespit edilmemiştir. | AG45: Biyolojik Etkenlere Maruziyet Risklerinin Önlenmesi Hakkında Yönetmelik
A46: 3165 | B46: 45877 | C46: İş Sağlığı ve Güvenliği | D46: Güvenlik - Biyolojik Risk Etmenleri | E46: Radyoloji | F46: Radyoloji | G46: Biyolojik etkenlere maruziyetten korunma (temas,sıçrama,deri yolu ile) | H46: Enfeksiyon etkenleri Grup 3 biyolojik etkenler (hepatit b vb. ) | I46: Kan ve vücut sıvıları ile temas etme | J46: Enfeksiyon | K46: Hastalar / Hasta Yakınları / Çalışanlar / Ziyaretçiler | L46: Personellere kişisel koruyucu donanım (eldiven,gözlük,maske, koruyucu giysi) temin edilmektedir. Hastanın müracatı halinde izolasyon protokolleri başaltılmaktadır. Koruyucu donanımların kullanım zorunluluğu ve el hijyeni eğitimleri işe giriş oryantasyon katılımlarında verilmektedir. | M46: Tespit edilen tehlikeye dair görsel bulunmamaktadır. | N46: 1 | O46: 1 | P46: 15 | Q46: =IF(OR(ISBLANK(N46)=TRUE,ISBLANK(O46)=TRUE,ISBLANK(P46)=TRUE),"",PRODUCT(N46,O46,P46)) -> 15 | R46: =IF(Q46="","",IF(AND(Q46>=0,Q46<20),"DÜŞÜK RİSK",IF(AND(Q46>=20,Q46<70),"OLASI RİSK",IF(AND(Q46>=70,Q46<200),"ÖNEMLİ RİSK",IF(AND(Q46>=200,Q46<400),"YÜKSEK RİSK",IF(Q46>=400,"KABUL EDİLEMEZ RİSK","")))))) -> DÜŞÜK RİSK | S46: Mevcut önlem devam ettirilmelidir. | T46: Hasta Bakım Hizmetleri Müdürlüğü | U46: Sürekli | V46: Alınacak önlemler uygulandığı takdirde var olan tehlike kontrol altına alınacaktır. | W46: Sürekli | X46: Tespit edilen iyileştirmeye dair görsel bulunmamaktadır. | Y46: 1 | Z46: 1 | AA46: 15 | AB46: =IF(OR(ISBLANK(Y46)=TRUE,ISBLANK(Z46)=TRUE,ISBLANK(AA46)=TRUE),"",PRODUCT(Y46,Z46,AA46)) -> 15 | AC46: =IF(AB46="","",IF(AND(AB46>=0,AB46<20),"DÜŞÜK RİSK",IF(AND(AB46>=20,AB46<70),"OLASI RİSK",IF(AND(AB46>=70,AB46<200),"ÖNEMLİ RİSK",IF(AND(AB46>=200,AB46<400),"YÜKSEK RİSK",IF(AB46>=400,"KABUL EDİLEMEZ RİSK","")))))) -> DÜŞÜK RİSK | AD46: Belgelendirme (Rapor, Tatbikat, Kayıt vb.) | AE46: Enfeksiyon Kontrol Komitesi | AF46: Analiz sonuçlarında herhangi bir olumsuzluk tespit edilmemiştir. | AG46: Biyolojik Etkenlere Maruziyet Risklerinin Önlenmesi Hakkında Yönetmelik
